property_type,society,sector,price,price_per_sqft,area,areaWithType,bedRoom,bathroom,balcony,floorNum,facing,agePossession,super_built_up_area,built_up_area,carpet_area,study room,servant room,store room,pooja room,others,furnishing_type,luxury_score
house,independent,sector 4,50.0,10482.0,47701.0,Built Up area: 53 (44.31 sq.m.),5,3,0,1.0,,Undefined,,53.0,,0,0,0,0,0,0,0
house,independent,sector 4,67.0,88157.0,7600.0,Plot area 76(7.06 sq.m.),3,3,2,2.0,South,Relatively New,,76.0,,0,0,0,0,1,0,7
house,independent,sector 50,7.0,23333.0,3000.0,Plot area 2400(222.97 sq.m.)Built Up area: 3400 sq.ft. (315.87 sq.m.)Carpet area: 3000 sq.ft. (278.71 sq.m.),4,4,2,3.0,North-East,Old Property,,3400.0,3000.0,0,1,0,0,0,0,118
house,luxury dlf city floors,sector 26,20.0,48889.0,4091.0,Plot area 500(418.06 sq.m.),16,16,3+,4.0,,New Property,,500.0,,0,1,0,0,0,1,31
house,independent,sector 43,15.5,28233.0,5490.0,Plot area 610(510.04 sq.m.),5,6,3,3.0,East,Moderately Old,,5490.0,,1,1,1,1,0,0,76
house,unitech espace,sector 50,7.5,34722.0,2160.0,Plot area 240(200.67 sq.m.)Built Up area: 241 sq.yards (201.51 sq.m.)Carpet area: 240 sq.yards (200.67 sq.m.),3,3,2,2.0,West,Moderately Old,,241.0,240.0,0,1,0,0,0,1,66
house,independent,sector 13,50.0,90909.0,5500.0,Plot area 55(5.11 sq.m.),12,4,3,4.0,,Old Property,,55.0,,0,0,0,0,0,0,15
house,independent,sector 12,90.0,13333.0,67502.0,Built Up area: 675 (62.71 sq.m.),4,4,0,2.0,,Undefined,,675.0,,0,0,0,0,0,0,0
house,independent,sector 56,11.5,42032.0,2736.0,Plot area 304(254.18 sq.m.),12,13,3+,4.0,West,Relatively New,,2736.0,,1,1,0,1,0,1,49
house,independent,sector 25,13.5,37313.0,3618.0,Plot area 402(336.12 sq.m.),5,6,3+,4.0,North-East,Old Property,,3618.0,,0,0,0,0,1,1,79
house,independent,sector 8,59.0,10085.0,58503.0,Plot area 585(54.35 sq.m.),2,2,2,2.0,,Moderately Old,,585.0,,0,0,0,0,1,0,7
house,independent,sector 21,45.0,8411.0,53501.0,Carpet area: 535 (49.7 sq.m.),3,2,1,1.0,,Undefined,,,535.0,0,0,0,0,0,0,0
house,vipul tatvam villa,sector 48,8.5,26235.0,3240.0,Plot area 360(301.01 sq.m.),4,6,3,3.0,North,Old Property,,3240.0,,0,1,0,1,1,0,49
house,dlf city plots,sector 26,19.0,42054.0,4518.0,Plot area 502(419.74 sq.m.),6,6,3,2.0,East,Relatively New,,4518.0,,1,1,0,0,0,1,121
house,emaar mgf marbella,sector 66,9.01,16066.0,5608.0,Plot area 521,4,4,3+,3.0,North-East,Relatively New,,5574.7,,0,1,1,0,0,0,122
house,independent,sector 39,15.0,33333.0,4500.0,Plot area 500(418.06 sq.m.),5,5,3+,4.0,,Moderately Old,,4500.0,,0,1,0,0,0,1,27
flat,pioneer araya,sector 62,9.95,20995.0,4739.2,Super Built up area 4739(440.27 sq.m.)Carpet area: 3219 sq.ft. (299.05 sq.m.),4,6,3,12.0,South-East,Relatively New,4739.0,,3219.0,0,0,0,0,0,1,138
house,independent,sector 21,60.0,6173.0,97197.0,Plot area 108(90.3 sq.m.),8,3,2,3.0,,Old Property,,108.0,,0,0,0,0,0,0,0
house,independent,sector 104,71.0,10142.0,70006.0,Plot area 700(65.03 sq.m.),4,2,1,2.0,,New Property,,700.0,,0,0,0,0,0,0,0
house,independent,sector 6,66.0,10784.0,61202.0,Plot area 612(56.86 sq.m.),3,2,1,2.0,,Old Property,,612.0,,0,0,0,0,0,0,36
house,independent,sector 11,95.0,7308.0,129995.0,Built Up area: 1300 (120.77 sq.m.),5,3,0,1.0,,Undefined,,1300.0,,0,0,0,0,0,0,0
house,independent,sector 4,80.0,11852.0,67499.0,Plot area 75(62.71 sq.m.),5,3,1,2.0,,Moderately Old,,75.0,,0,0,0,0,0,0,0
house,jacob pura,sector 12,35.0,9722.0,36001.0,Built Up area: 360 (33.45 sq.m.),2,1,0,1.0,,Old Property,,360.0,,0,0,0,0,0,0,0
house,ireo victory valley,sector 67,8.0,22222.0,3600.0,Plot area 400(334.45 sq.m.),6,7,3+,51.0,North-East,Moderately Old,,3600.0,,1,1,0,1,0,1,49
house,aindependentt raj estates,sector 63,8.5,27139.0,3132.0,Plot area 348(290.97 sq.m.),6,6,3+,3.0,East,Under Construction,,3132.0,,0,0,1,1,0,0,29
flat,pioneer araya,sector 62,9.14,19488.0,4690.1,Super Built up area 4690(435.72 sq.m.)Carpet area: 3258 sq.ft. (302.68 sq.m.),4,6,3,16.0,East,Relatively New,4690.0,,3258.0,0,0,0,0,0,1,146
house,puri diplomatic greens,sector 111,9.0,11250.0,8000.0,Built Up area: 8000 (743.22 sq.m.),5,5,3+,3.0,North-East,Relatively New,,8000.0,,0,1,0,0,0,0,112
house,unitech espace,sector 50,9.8,30247.0,3240.0,Plot area 360(301.01 sq.m.)Built Up area: 300 sq.yards (250.84 sq.m.)Carpet area: 280 sq.yards (234.12 sq.m.),4,4,3,2.0,North-West,Moderately Old,,300.0,280.0,0,1,0,0,0,0,22
house,international city by sobha phase 2,sector 109,8.75,24306.0,3600.0,Plot area 400(334.45 sq.m.),5,5,3+,3.0,North-East,New Property,,3600.0,,1,1,1,1,0,1,153
house,vipul tatvam villa,sector 48,8.5,21250.0,4000.0,Plot area 4000(371.61 sq.m.),4,5,3+,2.0,North,Moderately Old,,4000.0,,1,1,0,1,1,1,49
flat,dlf the crest,sector 54,11.0,35483.0,3100.1,Carpet area: 3100 (288 sq.m.),4,5,3+,7.0,North-East,Relatively New,,,3100.0,0,0,0,0,0,0,49
house,independent,sector 110,13.0,1649.0,78836.0,Carpet area: 788 (73.21 sq.m.),1,1,0,0.0,North-West,Relatively New,,,788.0,0,0,0,0,0,0,0
house,independent,sector 13,45.0,4808.0,93594.0,Built Up area: 936 (86.96 sq.m.),1,1,0,1.0,,Undefined,,936.0,,0,0,0,0,0,0,0
house,mahavir pura,sector 4,75.0,75000.0,10000.0,Plot area 100(9.29 sq.m.),2,3,2,3.0,,Old Property,,100.0,,0,0,0,0,0,0,0
flat,pioneer araya,sector 62,7.56,18000.0,4200.0,Built Up area: 4200 (390.19 sq.m.),4,4,3+,23.0,West,Relatively New,,4200.0,,0,0,0,0,0,1,87
house,independent,sector 41,9.0,27778.0,3240.0,Plot area 360(301.01 sq.m.),8,5,3+,3.0,,Old Property,,3240.0,,0,1,1,1,0,1,26
house,experion windchants,sector 112,9.5,23457.0,4050.0,Plot area 450(376.26 sq.m.)Built Up area: 7450 sq.yards (6229.15 sq.m.),5,5,3,2.0,,Relatively New,,7450.0,,0,1,0,0,0,0,45
house,international city by sobha phase 1,sector 109,6.75,10838.0,6228.0,Plot area 692(578.6 sq.m.),4,4,3+,2.0,North-East,New Property,,6228.0,,0,1,0,1,0,0,130
house,independent,sector 82,7.0,21605.0,3240.0,Plot area 360(301.01 sq.m.),4,4,3+,1.0,North-East,Relatively New,,3240.0,,1,1,0,1,0,1,49
house,independent,sector 9,22.0,7407.0,29702.0,Carpet area: 33 (27.59 sq.m.),2,2,2,1.0,,Undefined,,,33.0,0,0,0,0,0,0,0
house,independent,sector 13,9.0,100000.0,900.0,Plot area 900(83.61 sq.m.),10,5,3+,4.0,,Old Property,,900.0,,0,0,0,0,0,0,0
house,independent,sector 9,37.0,9390.0,39404.0,Plot area 394(36.6 sq.m.),1,1,0,3.0,,Moderately Old,,394.0,,0,0,0,0,0,0,0
house,independent,sector 56,7.25,29336.0,2471.0,Plot area 303(253.35 sq.m.),8,8,3+,0.0,North-East,Moderately Old,,303.0,,0,0,0,0,0,1,24
house,independent,sector 50,12.5,40611.0,3078.0,Plot area 342(285.96 sq.m.),6,5,3,4.0,East,Moderately Old,,3078.0,,1,1,0,1,0,1,23
house,independent,sector 105,59.95,11102.0,53999.0,Plot area 60(50.17 sq.m.),8,4,3,3.0,West,New Property,,60.0,,0,0,0,0,0,0,17
house,emaar mgf marbella,sector 66,18.0,55556.0,3240.0,Plot area 360(301.01 sq.m.),4,4,3+,3.0,East,Moderately Old,,3240.0,,1,1,0,1,0,2,75
house,"om nagar, sector-11",sector 37,60.0,8333.0,72003.0,Plot area 720(66.89 sq.m.),4,2,1,0.0,East,Old Property,,720.0,,0,0,0,0,1,0,7
house,independent,sector 3,70.0,7007.0,99900.0,Plot area 111(92.81 sq.m.),2,3,1,1.0,North,Relatively New,,111.0,,0,0,1,1,0,0,29
house,vipul tatvam villa,sector 48,7.8,23148.0,3370.0,Plot area 360(301.01 sq.m.),4,4,3+,2.0,North-East,Relatively New,,3240.0,,1,1,1,1,0,1,145
flat,krrish provence estate,sector 59,7.5,7500.0,10000.0,Super Built up area 10000(929.03 sq.m.),5,6,3+,23.0,North-East,Relatively New,10000.0,,,0,0,0,0,0,0,49
flat,dlf the arbour,sector 63,7.8,19747.0,3950.0,Built Up area: 3950 (366.97 sq.m.),4,4,0,6.0,,Undefined,,3950.0,,0,0,0,0,0,0,61
house,sobha city,sector 108,10.5,14323.0,7331.0,Built Up area: 7331 (681.07 sq.m.),5,4,3+,1.0,East,Undefined,,7331.0,,0,0,0,0,0,0,59
house,ansal sushant lok,sector 43,10.5,27911.0,3762.0,Plot area 418(349.5 sq.m.),4,4,2,1.0,North-East,Old Property,,3762.0,,0,1,0,0,0,0,59
house,independent,sector 4,65.0,11111.0,58501.0,Plot area 65(54.35 sq.m.),4,2,2,1.0,,Moderately Old,,65.0,,0,0,0,0,0,0,0
house,emaar mgf marbella,sector 66,8.7,38667.0,2250.0,Plot area 250(209.03 sq.m.)Built Up area: 267 sq.yards (223.25 sq.m.),4,5,2,3.0,East,New Property,,267.0,,1,1,0,0,0,0,144
house,row house,sector 105,42.75,9135.0,46798.0,Plot area 52(43.48 sq.m.)Built Up area: 1050 sq.yards (877.93 sq.m.),3,3,3,2.0,,Relatively New,,1050.0,,0,0,0,0,0,0,0
house,independent,sector 55,7.49,27741.0,2700.0,Plot area 300(250.84 sq.m.),12,12,3+,4.0,South-East,Relatively New,,2700.0,,1,1,0,1,0,1,49
house,independent,sector 14,7.5,16600.0,4518.0,Plot area 502(419.74 sq.m.),3,3,2,1.0,West,Old Property,,4518.0,,1,1,0,1,0,1,27
house,independent,sector 104,60.0,5128.0,117005.0,Plot area 130(108.7 sq.m.),7,3,1,2.0,North,Moderately Old,,130.0,,0,0,0,0,0,0,0
house,dlf city plots,sector 26,16.0,37778.0,4235.0,Plot area 500(418.06 sq.m.),4,4,3,1.0,,Relatively New,,500.0,,1,0,1,1,0,0,7
house,independent,sector 9,42.0,9333.0,45002.0,Built Up area: 450 (41.81 sq.m.),5,3,2,2.0,,Undefined,,450.0,,0,0,0,0,0,0,0
house,sushant lok 1 builder floors,sector 43,13.0,48148.0,2700.0,Plot area 300(250.84 sq.m.),3,3,3+,4.0,North,New Property,,2700.0,,0,0,0,1,0,1,7
house,independent,sector 50,11.58,35741.0,3240.0,Plot area 360(301.01 sq.m.),5,5,3,2.0,,Moderately Old,,3240.0,,0,1,0,0,0,0,20
house,unitech aspen greens,sector 50,6.8,31481.0,2160.0,Plot area 240(200.67 sq.m.)Built Up area: 220 sq.yards (183.95 sq.m.)Carpet area: 200 sq.yards (167.23 sq.m.),4,5,3,3.0,West,Old Property,,220.0,200.0,1,1,0,0,0,1,111
house,independent,sector 41,11.0,33951.0,3240.0,Plot area 360(301.01 sq.m.),4,4,2,3.0,East,New Property,,3240.0,,1,1,0,1,0,0,35
flat,the penthouses at the hibiscus,sector 50,8.0,8888.0,9000.9,Carpet area: 9000 (836.13 sq.m.),4,3,3,7.0,South-East,Moderately Old,,,9000.0,0,0,0,0,0,0,35
house,independent,sector 45,10.0,30864.0,3240.0,Plot area 360(301.01 sq.m.),6,6,3+,4.0,North-East,Moderately Old,,3240.0,,1,1,1,1,0,1,70
house,vatika india next,sector 82,7.0,194444.0,360.0,Plot area 360(33.45 sq.m.)Built Up area: 3900 sq.ft. (362.32 sq.m.)Carpet area: 3743 sq.ft. (347.74 sq.m.),4,4,3+,3.0,North-East,Relatively New,,3900.0,3743.0,0,1,0,0,0,2,105
house,independent,sector 28,8.4,34568.0,2430.0,Plot area 270(225.75 sq.m.),4,4,3+,2.0,North-East,Relatively New,,2430.0,,0,1,1,1,0,1,139
house,independent,sector 13,62.0,32291.0,19200.0,Built Up area: 192 (17.84 sq.m.),6,6,0,3.0,,Undefined,,192.0,,0,0,0,0,0,0,0
house,independent,sector 4,58.0,86567.0,6700.0,Plot area 67(6.22 sq.m.),2,2,1,2.0,West,Moderately Old,,67.0,,0,0,0,1,1,0,7
house,not applicable,sector 4,51.0,14167.0,35999.0,Plot area 40(33.45 sq.m.),4,4,3,4.0,,New Property,,40.0,,0,0,0,0,0,0,0
house,nirvana country,sector 50,10.0,14285.0,7000.0,Built Up area: 7000 (650.32 sq.m.),5,7,2,4.0,East,Moderately Old,,7000.0,,0,1,0,0,0,2,0
house,sushant lok 1 builder floors,sector 43,10.85,28841.0,3762.0,Plot area 418(349.5 sq.m.),8,8,3,3.0,West,Moderately Old,,3762.0,,1,1,1,1,0,2,160
house,unitech espace,sector 50,7.42,34351.0,2160.0,Plot area 2160(200.67 sq.m.)Built Up area: 3200 sq.ft. (297.29 sq.m.),4,4,3,2.0,West,Old Property,,3200.0,,0,0,0,0,0,1,88
house,dlf city plots,sector 26,17.0,37627.0,4518.0,Plot area 502(419.74 sq.m.),5,6,3,2.0,North-West,Old Property,,4518.0,,0,1,1,1,0,1,87
house,independent,sector 12,70.0,6034.0,116009.0,Plot area 1160(107.77 sq.m.),3,3,0,1.0,North-East,Relatively New,,1160.0,,0,0,0,0,0,0,23
house,international city by sobha phase 2,sector 109,9.5,26389.0,3600.0,Plot area 400(334.45 sq.m.),7,6,3,3.0,West,Relatively New,,3600.0,,1,1,0,1,0,0,138
house,ss hibiscus,sector 50,12.5,40850.0,3060.0,Plot area 470(392.98 sq.m.)Built Up area: 410 sq.yards (342.81 sq.m.)Carpet area: 340 sq.yards (284.28 sq.m.),4,4,3+,2.0,West,Relatively New,,410.0,340.0,1,1,0,0,0,2,160
house,nul,sector 28,12.5,51440.0,2430.0,Plot area 270(225.75 sq.m.),16,17,3+,4.0,South,Relatively New,,2430.0,,1,1,0,1,1,2,137
house,independent,sector 46,6.81,36911.0,1845.0,Plot area 205(171.41 sq.m.),12,14,3+,1.0,East,New Property,,1845.0,,0,1,0,0,1,1,40
house,emaar mgf marbella,sector 66,9.0,21251.0,4235.0,Plot area 5605(520.72 sq.m.)Built Up area: 5200 sq.ft. (483.1 sq.m.)Carpet area: 4235 sq.ft. (393.44 sq.m.),4,4,3+,1.0,South-West,Relatively New,,5200.0,4235.0,0,1,1,1,0,1,114
house,independent,sector 3,37.0,7916.0,46741.0,Built Up area: 480 (44.59 sq.m.),1,1,1,1.0,,Relatively New,,480.0,,0,0,0,0,0,0,0
house,independent,sector 50,10.56,32593.0,3240.0,Plot area 360(301.01 sq.m.),5,5,3,3.0,,Moderately Old,,3240.0,,0,1,0,0,0,0,20
house,unitech uniworld resorts,sector 33,9.5,23333.0,4071.0,Plot area 500(418.06 sq.m.),5,7,3+,2.0,East,Undefined,,500.0,,1,1,1,1,0,0,57
house,rajendra park sec 105,sector 15,80.0,8888.0,90009.0,Plot area 900(83.61 sq.m.)Built Up area: 990 sq.ft. (91.97 sq.m.)Carpet area: 975 sq.ft. (90.58 sq.m.),9,5,3+,3.0,,Old Property,,990.0,975.0,0,0,0,0,0,0,0
house,dlf city phase 1,sector 26,9.25,47803.0,1935.0,Plot area 1935(179.77 sq.m.)Built Up area: 7000 sq.ft. (650.32 sq.m.),12,12,3+,4.0,North-East,New Property,,7000.0,,0,1,0,1,0,1,43
flat,dlf the belaire,sector 54,7.0,23333.0,3000.0,Super Built up area 3000(278.71 sq.m.),4,6,3+,12.0,East,Moderately Old,3000.0,,,0,0,0,0,0,1,108
house,not applicable,sector 4,75.0,11718.0,64004.0,Plot area 640(59.46 sq.m.),5,4,3,2.0,,Moderately Old,,640.0,,0,0,0,0,0,0,0
flat,conscient elevate,sector 59,6.75,19882.0,3395.0,Super Built up area 3395(315.41 sq.m.)Carpet area: 1855 sq.ft. (172.34 sq.m.),4,4,2,10.0,,New Property,3395.0,,1855.0,0,0,0,0,0,0,31
house,independent,sector 105,55.0,98214.0,5600.0,Built Up area: 56 (5.2 sq.m.),4,4,0,2.0,,Undefined,,56.0,,0,0,0,0,0,0,0
house,independent,sector 24,11.0,28898.0,3806.0,Plot area 3806.45(353.63 sq.m.)Built Up area: 5000 sq.ft. (464.52 sq.m.),8,11,3+,3.0,East,Old Property,,5000.0,,1,1,0,1,1,1,39
house,independent,sector 31,9.25,39530.0,2340.0,Plot area 265(221.57 sq.m.)Built Up area: 262 sq.yards (219.07 sq.m.)Carpet area: 260 sq.yards (217.39 sq.m.),12,12,3+,4.0,North-East,New Property,,262.0,260.0,0,1,0,1,1,2,49
house,emaar mgf marbella,sector 66,12.0,37037.0,3240.0,Plot area 360(301.01 sq.m.),5,5,3+,3.0,East,New Property,,3240.0,,0,1,1,1,0,1,106
house,independent,sector 12,90.0,10000.0,90000.0,Plot area 100(83.61 sq.m.)Built Up area: 250 sq.yards (209.03 sq.m.)Carpet area: 170 sq.yards (142.14 sq.m.),4,5,3,3.0,West,New Property,,250.0,170.0,0,0,0,0,1,0,14
house,independent,sector 26,12.5,38580.0,3240.0,Plot area 360(301.01 sq.m.),5,5,3+,2.0,North,Old Property,,3240.0,,1,1,1,1,0,1,79
house,independent,sector 8,62.0,11273.0,54999.0,Built Up area: 550 (51.1 sq.m.),3,1,0,2.0,,Undefined,,550.0,,0,0,0,0,0,0,0
house,independent,sector 26,15.0,33200.0,4518.0,Plot area 502(419.74 sq.m.),5,6,3+,3.0,North,Moderately Old,,4518.0,,1,1,1,1,0,1,78
house,luxury dlf city floors,sector 26,8.25,45833.0,1800.0,Plot area 200(167.23 sq.m.),12,12,3+,4.0,North,New Property,,1800.0,,0,1,0,0,0,1,105
house,independent,sector 7,69.0,9103.0,75799.0,Built Up area: 758 (70.42 sq.m.)Carpet area: 500 sq.ft. (46.45 sq.m.),1,1,1,2.0,,Undefined,,758.0,500.0,0,0,0,0,0,0,0
house,independent,sector 6,75.0,10518.0,71306.0,Plot area 713(66.24 sq.m.),6,4,1,3.0,,Moderately Old,,713.0,,0,0,0,0,0,0,62
flat,tulip monsella,sector 53,8.25,28000.0,2946.4,Super Built up area 2940(273.13 sq.m.),3,4,3,8.0,,Undefined,2940.0,,,0,0,0,0,0,2,35
house,independent,sector 28,12.0,42194.0,2844.0,Plot area 316(264.22 sq.m.),4,5,3+,4.0,East,Relatively New,,2844.0,,0,1,1,1,0,1,60
flat,dlf the arbour,sector 63,7.9,20000.0,3950.0,Built Up area: 3950 (366.97 sq.m.)Carpet area: 2900 sq.ft. (269.42 sq.m.),4,4,3+,34.0,,Undefined,,3950.0,2900.0,0,0,0,0,0,0,61
house,independent,sector 6,50.0,8333.0,60002.0,Plot area 600(55.74 sq.m.),3,3,2,2.0,East,Moderately Old,,600.0,,0,0,0,1,0,0,0
flat,central park resorts,sector 48,15.0,22388.0,6700.0,Carpet area: 6700 (622.45 sq.m.),5,6,3+,17.0,,Relatively New,,,6700.0,0,0,0,0,0,2,45
house,emaar the palm springs,sector 54,14.0,62222.0,2250.0,Plot area 250(209.03 sq.m.),4,5,3+,2.0,North,Old Property,,2250.0,,1,1,0,0,0,1,160
house,independent,sector 17,7.2,15926.0,4521.0,Plot area 420,4,4,2,1.0,,Old Property,,4494.0,,0,1,1,0,0,0,0
house,unitech nirvana birch court,sector 50,11.95,36883.0,3240.0,Plot area 360(301.01 sq.m.),3,3,2,1.0,West,Moderately Old,,3240.0,,1,1,0,0,0,0,101
house,independent,sector 40,9.5,40135.0,2367.0,Plot area 263(219.9 sq.m.),12,12,3+,4.0,,New Property,,2367.0,,0,0,1,0,0,1,57
house,dlf city plots phase 2,sector 25,10.55,39074.0,2700.0,Plot area 300(250.84 sq.m.),5,6,3+,3.0,East,Moderately Old,,2700.0,,1,1,1,1,0,0,131
house,independent,sector 104,45.0,12162.0,37000.0,Plot area 370(34.37 sq.m.)Carpet area: 1500 sq.ft. (139.35 sq.m.),4,4,2,4.0,North,Moderately Old,,,1500.0,0,0,0,0,0,1,7
house,independent,sector 6,50.0,13889.0,36000.0,Plot area 40(33.45 sq.m.),5,3,3,3.0,,Old Property,,40.0,,0,0,0,0,0,0,0
house,independent,sector 27,8.25,45833.0,1800.0,Plot area 210(175.59 sq.m.)Built Up area: 205 sq.yards (171.41 sq.m.)Carpet area: 200 sq.yards (167.23 sq.m.),12,12,3+,4.0,East,New Property,,205.0,200.0,0,1,0,1,0,1,40
house,independent,sector 38,8.0,230547.0,347.0,Built Up area: 347 (32.24 sq.m.)Carpet area: 215 sq.ft. (19.97 sq.m.),10,10,3+,1.0,North,Undefined,,347.0,215.0,0,0,0,0,0,0,0
house,ansal sushant lok plots,sector 43,11.5,17692.0,6500.0,Plot area 3762(349.5 sq.m.)Built Up area: 9000 sq.ft. (836.13 sq.m.)Carpet area: 6500 sq.ft. (603.87 sq.m.),7,8,3+,3.0,,Old Property,,9000.0,6500.0,0,1,1,1,0,1,31
house,independent,sector 105,9.9,49500.0,2000.0,Built Up area: 2000 (185.81 sq.m.)Carpet area: 1800 sq.ft. (167.23 sq.m.),2,2,2,3.0,North,Undefined,,2000.0,1800.0,0,0,0,0,0,0,0
house,independent,sector 105,35.0,7778.0,44999.0,Carpet area: 500 (46.45 sq.m.),2,2,1,2.0,East,Undefined,,,500.0,0,0,0,0,0,0,0
house,independent,sector 105,50.0,50000.0,10000.0,Built Up area: 100 (9.29 sq.m.),2,2,0,1.0,,Undefined,,100.0,,0,0,0,0,0,0,0
house,dlf alameda,sector 73,17.0,35109.0,4842.0,Plot area 4842(449.84 sq.m.)Built Up area: 9000 sq.ft. (836.13 sq.m.),5,8,3,3.0,North-West,Relatively New,,9000.0,,1,1,1,1,0,2,87
house,rattan vihar rajendra park,sector 106,85.0,14166.0,60003.0,Plot area 600(55.74 sq.m.),5,5,3+,4.0,,New Property,,600.0,,0,0,0,0,0,0,0
house,international city by sobha phase 2,sector 109,7.0,12963.0,5400.0,Plot area 600(501.68 sq.m.),4,4,3+,2.0,West,Relatively New,,5400.0,,0,0,0,0,0,1,102
house,vipul tatvam villa,sector 48,8.25,38194.0,2160.0,Plot area 350(292.64 sq.m.)Built Up area: 300 sq.yards (250.84 sq.m.)Carpet area: 240 sq.yards (200.67 sq.m.),4,4,3+,3.0,North-East,Relatively New,,300.0,240.0,0,1,1,0,0,1,160
house,uppal southend,sector 49,6.75,32328.0,2088.0,Plot area 232(193.98 sq.m.),12,12,3+,3.0,North,Moderately Old,,2088.0,,1,1,0,1,1,1,49
house,independent,sector 48,8.4,25926.0,3240.0,Plot area 360(301.01 sq.m.),4,4,3,2.0,,Old Property,,3240.0,,0,1,0,1,0,1,15
house,arjun marg/ sector- 26 phase- 1/ golf course road,sector 26,31.5,35000.0,9000.0,Plot area 1000(836.13 sq.m.),7,9,3+,3.0,North-East,Moderately Old,,9000.0,,1,1,1,1,0,2,74
house,unitech espace,sector 50,10.3,31790.0,3240.0,Plot area 360(301.01 sq.m.),5,6,3+,3.0,East,Moderately Old,,3240.0,,1,1,1,1,0,1,160
house,independent,sector 25,10.5,29022.0,3618.0,Plot area 402(336.12 sq.m.),5,5,3,3.0,East,Moderately Old,,3618.0,,1,1,0,1,0,0,42
house,dlf city plots,sector 26,18.0,39841.0,4518.0,Plot area 502(419.74 sq.m.),6,6,2,3.0,North,Old Property,,4518.0,,0,1,0,1,1,1,49
house,independent,sector 4,70.0,6648.0,105295.0,Built Up area: 117 (97.83 sq.m.),3,3,0,1.0,,Undefined,,117.0,,0,0,0,0,0,0,0
house,independent,sector 82,7.5,23148.0,3240.0,Plot area 360(301.01 sq.m.),5,5,3+,2.0,East,Relatively New,,3240.0,,0,1,0,1,0,1,135
flat,dlf park place,sector 54,6.75,24963.0,2704.0,Super Built up area 2704(251.21 sq.m.)Carpet area: 1534 sq.ft. (142.51 sq.m.),4,4,2,8.0,North,Moderately Old,2704.0,,1534.0,0,0,0,0,0,2,135
house,independent,sector 43,7.5,38760.0,1935.0,Plot area 215(179.77 sq.m.),12,12,3+,4.0,East,New Property,,1935.0,,1,1,1,1,0,1,72
house,independent,sector 43,9.85,29638.0,3323.0,Plot area 418(349.5 sq.m.),5,5,2,3.0,West,Old Property,,418.0,,1,1,0,1,0,0,21
house,independent,sector 104,30.0,60000.0,5000.0,Plot area 50(4.65 sq.m.),6,3,3,3.0,South,Moderately Old,,50.0,,0,0,0,0,0,0,0
house,nul,sector 25,15.0,23437.0,6400.0,Built Up area: 6400 (594.58 sq.m.),5,5,3,2.0,West,Moderately Old,,6400.0,,1,1,0,1,0,1,112
house,independent,sector 4,92.0,15257.0,60300.0,Plot area 67(56.02 sq.m.),4,4,3,4.0,East,Moderately Old,,67.0,,0,0,0,0,1,0,0
house,unitech uniworld resorts,sector 33,11.0,26667.0,4125.0,Plot area 500(418.06 sq.m.),5,6,3,3.0,,New Property,,500.0,,1,1,0,0,0,0,58
house,international city by sobha phase 2,sector 109,9.5,26389.0,3600.0,Plot area 400(334.45 sq.m.),5,5,3+,2.0,South,Relatively New,,3600.0,,1,1,1,1,0,0,133
house,independent,sector 26,15.0,33333.0,4500.0,Built Up area: 4500 (418.06 sq.m.),4,4,3,3.0,,Moderately Old,,4500.0,,0,1,1,0,0,1,36
flat,.,sector 59,7.0,11000.0,6363.6,Super Built up area 6000(557.42 sq.m.),4,4,3+,6.0,South-West,Relatively New,6000.0,,,0,0,0,0,0,0,52
house,independent,sector 39,7.0,10000.0,7000.0,Plot area 350(32.52 sq.m.)Built Up area: 7000 sq.ft. (650.32 sq.m.),10,11,3+,4.0,South-East,Relatively New,,7000.0,,0,0,0,1,0,1,38
house,independent,sector 25,9.0,28490.0,3159.0,Plot area 351(293.48 sq.m.),10,10,3,3.0,East,Old Property,,3159.0,,0,0,0,1,0,1,64
house,rattan garden,sector 7,83.0,17584.0,47202.0,Carpet area: 472 (43.85 sq.m.),5,3,2,3.0,East,Undefined,,,472.0,0,0,0,0,0,0,0
house,experion windchants,sector 112,7.46,10260.0,7271.0,Built Up area: 6350 (589.93 sq.m.),4,4,3+,2.0,East,Relatively New,,6350.0,,0,1,0,1,0,1,62
house,emaar mgf marbella,sector 66,18.0,40000.0,4500.0,Plot area 500(418.06 sq.m.),5,6,3+,3.0,North-East,Relatively New,,4500.0,,1,1,1,1,0,2,153
house,project housing board colony,sector 31,8.0,63492.0,1260.0,Built Up area: 140 (117.06 sq.m.),2,1,0,1.0,,Undefined,,140.0,,0,0,0,0,0,0,0
house,independent,sector 69,80.0,10484.0,76307.0,Built Up area: 763 (70.89 sq.m.),1,1,0,1.0,,Undefined,,763.0,,0,0,0,0,0,0,0
house,vatika india next,sector 82,6.8,20988.0,3240.0,Plot area 360(301.01 sq.m.),4,4,3+,3.0,North-East,Relatively New,,3240.0,,0,1,0,0,0,2,110
house,independent,sector 3,75.0,57692.0,13000.0,Built Up area: 130 (12.08 sq.m.),2,2,0,1.0,,Undefined,,130.0,,0,0,0,0,0,0,0
house,not applicable,sector 4,65.0,13000.0,50000.0,Plot area 500(46.45 sq.m.),2,1,1,3.0,East,Moderately Old,,500.0,,0,0,0,0,0,0,7
house,unitech uniworld resorts,sector 33,10.0,181818.0,550.0,Plot area 550(51.1 sq.m.),5,6,3,4.0,North-East,New Property,,550.0,,1,1,0,0,0,0,26
house,unitech espace,sector 50,11.0,40741.0,2700.0,Plot area 360(301.01 sq.m.)Built Up area: 361 sq.yards (301.84 sq.m.)Carpet area: 300 sq.yards (250.84 sq.m.),4,4,3+,2.0,North,Moderately Old,,361.0,300.0,0,1,0,0,0,1,88
house,independent,sector 38,70.0,3500.0,200000.0,Carpet area: 2000 (185.81 sq.m.),4,4,0,2.0,East,Undefined,,,2000.0,0,0,0,0,0,0,0
house,signature global city 81,sector 81,75.0,6849.0,109505.0,Plot area 1095(101.73 sq.m.),3,2,3,4.0,East,Under Construction,,1095.0,,1,0,0,0,0,0,97
house,independent,sector 4,60.0,105263.0,5700.0,Plot area 57(5.3 sq.m.),3,3,1,2.0,,Old Property,,57.0,,0,0,0,0,1,0,0
house,independent,sector 26,8.1,35294.0,2295.0,Plot area 255(213.21 sq.m.),5,5,2,4.0,East,Old Property,,2295.0,,0,0,0,0,0,0,42
house,dlf city plots phase 2,sector 25,10.0,400000.0,250.0,Plot area 250(23.23 sq.m.),12,12,3+,4.0,North,Relatively New,,250.0,,1,1,0,0,0,1,114
house,dlf the arbour,sector 63,8.5,21519.0,3950.0,Built Up area: 3950 (366.97 sq.m.),4,4,3+,27.0,,Undefined,,3950.0,,0,0,0,0,0,0,61
house,jacobpura,sector 12,52.5,14583.0,36001.0,Plot area 360(33.45 sq.m.),4,4,2,3.0,East,Relatively New,,360.0,,0,0,0,0,0,0,0
house,unitech uniworld resorts,sector 33,8.5,17820.0,4770.0,Plot area 530(443.15 sq.m.),5,5,3+,3.0,North,New Property,,4770.0,,1,1,1,1,0,1,145
house,independent,sector 4,85.0,630.0,1349206.0,Plot area 1500(1254.19 sq.m.),3,3,1,1.0,North,Relatively New,,1500.0,,0,0,0,0,1,0,0
house,shree krishna homes,sector 104,48.0,50000.0,9600.0,Plot area 80(7.43 sq.m.)Built Up area: 795 sq.ft. (73.86 sq.m.)Carpet area: 720 sq.ft. (66.89 sq.m.),2,2,1,1.0,North-East,New Property,,795.0,720.0,1,0,0,1,1,0,44
house,independent,sector 7,53.0,5888.0,90014.0,Built Up area: 900 (83.61 sq.m.),2,2,0,1.0,,Undefined,,900.0,,0,0,0,0,0,0,0
house,independent,sector 17,32.0,5664.0,56497.0,Built Up area: 565 (52.49 sq.m.),5,1,0,1.0,,Undefined,,565.0,,0,0,0,0,0,0,0
house,independent,sector 17,29.0,3254.0,89121.0,Plot area 891(82.78 sq.m.),2,1,0,0.0,West,Old Property,,891.0,,0,0,0,0,0,0,0
house,the laburnum,sector 43,11.0,27160.0,4050.0,Plot area 450(376.26 sq.m.)Built Up area: 360 sq.yards (301.01 sq.m.)Carpet area: 350 sq.yards (292.64 sq.m.),5,6,3+,3.0,East,New Property,,360.0,350.0,0,1,0,1,0,1,160
house,dlf city plots,sector 26,13.5,29880.0,4518.0,Plot area 502(419.74 sq.m.),5,5,2,2.0,East,Moderately Old,,4518.0,,1,1,0,0,1,1,104
house,satya the legend,sector 57,9.25,16577.0,5580.0,Plot area 642(536.79 sq.m.)Built Up area: 630 sq.yards (526.76 sq.m.)Carpet area: 620 sq.yards (518.4 sq.m.),5,5,3+,4.0,North-East,Relatively New,,630.0,620.0,1,1,1,1,0,1,160
house,independent,sector 104,70.0,7000.0,100000.0,Built Up area: 1000 (92.9 sq.m.)Carpet area: 509 sq.ft. (47.29 sq.m.),2,2,1,5.0,North-East,Undefined,,1000.0,509.0,0,0,0,0,0,0,0
house,vipul tatvam villa,sector 48,7.25,201388.0,360.0,Plot area 360(33.45 sq.m.),4,4,3,2.0,,Relatively New,,360.0,,1,1,1,1,0,1,103
house,independent,sector 43,14.0,39886.0,3510.0,Plot area 390(326.09 sq.m.),9,9,3+,4.0,North,Moderately Old,,3510.0,,0,1,0,0,0,0,7
house,independent,sector 45,16.0,35000.0,4571.0,Plot area 500(418.06 sq.m.),6,7,3+,3.0,East,Relatively New,,4500.0,,1,1,1,1,0,1,105
house,international city by sobha phase 1,sector 109,12.0,20000.0,6000.0,Plot area 8000(743.22 sq.m.)Built Up area: 7000 sq.ft. (650.32 sq.m.)Carpet area: 6000 sq.ft. (557.42 sq.m.),5,6,3,2.0,North-East,Relatively New,,7000.0,6000.0,1,1,0,0,0,1,154
house,vipul tatvam villa,sector 48,7.25,27971.0,2592.0,Plot area 288(240.8 sq.m.),3,4,2,2.0,South,Moderately Old,,2592.0,,1,1,1,1,0,1,115
house,independent,sector 2,98.0,9074.0,108001.0,Carpet area: 120 (100.34 sq.m.),9,4,3,1.0,South,Undefined,,,120.0,0,0,0,0,0,0,0
house,independent,sector 11,44.0,4251.0,103505.0,Carpet area: 115 (96.15 sq.m.),3,2,1,1.0,,Relatively New,,,115.0,0,0,0,1,1,0,46
house,independent,sector 25,7.6,38760.0,1961.0,Plot area 215(179.77 sq.m.),9,9,3,4.0,East,Relatively New,,1935.0,,1,0,1,1,0,1,84
house,independent,sector 11,78.0,9725.0,80206.0,Carpet area: 802 (74.51 sq.m.),4,4,0,3.0,North-East,Undefined,,,802.0,0,0,0,0,0,0,0
house,independent,sector 48,50.0,5555.0,90009.0,Plot area 900(83.61 sq.m.),2,1,2,1.0,,Moderately Old,,900.0,,0,0,0,0,0,0,0
house,independent,sector 3,85.0,8910.0,95398.0,Plot area 106(88.63 sq.m.),1,2,0,1.0,,Relatively New,,106.0,,0,0,0,0,0,0,0
house,"nirmal enclave, maruti kunj road",sector 11,24.0,5333.0,45003.0,Plot area 450(41.81 sq.m.),2,2,0,2.0,North,Relatively New,,450.0,,0,0,0,0,0,0,0
house,independent,sector 4,47.0,8012.0,58662.0,Plot area 624(57.97 sq.m.),2,1,1,1.0,East,Moderately Old,,624.0,,0,0,1,0,0,0,0
house,emaar mgf marbella,sector 66,15.1,18605.0,8116.0,Plot area 754,5,5,3+,3.0,East,New Property,,8067.799999999999,,1,1,1,1,0,0,120
house,independent,sector 2,19.5,27083.0,7200.0,Plot area 800(668.9 sq.m.),8,9,3+,2.0,North,New Property,,7200.0,,1,1,0,1,0,0,122
flat,ambience caitriona,sector 24,14.0,200000.0,700.0,Built Up area: 700 (65.03 sq.m.),4,5,3,3.0,East,Undefined,,700.0,,0,0,0,0,0,0,0
house,independent,sector 56,7.5,23148.0,3240.0,Plot area 360(301.01 sq.m.),8,8,3+,3.0,North-East,Relatively New,,3240.0,,1,1,0,1,0,2,42
house,unitech uniworld resorts,sector 33,9.5,173992.0,546.0,Plot area 546(50.73 sq.m.),6,6,3+,3.0,North-East,Moderately Old,,546.0,,0,0,0,0,0,1,40
flat,beverley park,sector 43,8.44,16230.0,5200.2,Super Built up area 5200(483.1 sq.m.)Built Up area: 5000 sq.ft. (464.52 sq.m.)Carpet area: 4900 sq.ft. (455.22 sq.m.),4,5,3,9.0,North-East,Moderately Old,5200.0,5000.0,4900.0,0,0,0,0,0,2,117
house,independent,sector 39,34.0,7555.0,45003.0,Built Up area: 450 (41.81 sq.m.),1,1,1,1.0,,Undefined,,450.0,,0,0,0,0,0,0,0
house,experion windchants,sector 112,7.99,12519.0,6382.0,Built Up area: 6382 (592.91 sq.m.),4,6,3,2.0,South-East,New Property,,6382.0,,0,1,1,1,0,1,129
house,independent,sector 43,8.25,30556.0,2700.0,Plot area 300(250.84 sq.m.),5,6,3+,3.0,West,Moderately Old,,2700.0,,1,1,1,1,0,1,64
house,dlf city plots,sector 26,26.0,57206.0,4545.0,Plot area 505(422.24 sq.m.),6,7,3+,2.0,North-East,New Property,,4545.0,,1,1,0,1,1,1,138
flat,tulip monsella,sector 53,7.4,33198.0,2229.0,Carpet area: 2229 (207.08 sq.m.),4,4,3,21.0,,Undefined,,,2229.0,0,0,0,0,0,0,35
house,independent,sector 17,32.0,22068.0,14501.0,Built Up area: 145 (13.47 sq.m.),2,2,0,3.0,,Undefined,,145.0,,0,0,0,0,0,0,0
house,independent,sector 24,10.0,229885.0,435.0,Carpet area: 435 (40.41 sq.m.),8,10,3+,1.0,West,Undefined,,,435.0,0,0,0,0,0,0,0
house,independent,sector 28,45.0,90000.0,5000.0,Built Up area: 50 (4.65 sq.m.),5,3,0,1.0,,Undefined,,50.0,,0,0,0,0,0,0,0
flat,central park resorts,sector 48,9.3,24926.0,3731.0,Super Built up area 3931(365.2 sq.m.)Built Up area: 3831 sq.ft. (355.91 sq.m.)Carpet area: 3731 sq.ft. (346.62 sq.m.),4,4,3+,10.0,North-East,Moderately Old,3931.0,3831.0,3731.0,0,0,0,0,0,1,67
flat,the penthouses at the hibiscus,sector 50,8.5,8500.0,10000.0,Carpet area: 10000 (929.03 sq.m.),4,4,3,9.0,South-East,Moderately Old,,,10000.0,0,0,0,0,0,0,35
house,independent,sector 43,7.85,29074.0,2700.0,Plot area 300(250.84 sq.m.),9,9,3+,3.0,West,Relatively New,,2700.0,,1,1,0,1,1,2,49
house,vipul tatvam villa,sector 48,7.65,19125.0,4000.0,Built Up area: 4000 (371.61 sq.m.),4,4,3,2.0,North-East,Moderately Old,,4000.0,,1,1,0,0,1,0,49
flat,mm golfestate,sector 65,7.0,18181.0,3850.2,Carpet area: 3850 (357.68 sq.m.),3,3,2,12.0,North,Moderately Old,,,3850.0,0,0,0,0,0,0,60
house,independent,sector 45,17.0,37777.0,4500.0,Plot area 4500(418.06 sq.m.),5,8,3+,3.0,North-East,Relatively New,,4500.0,,1,1,1,1,0,2,152
house,independent,sector 7,63.0,7875.0,80000.0,Built Up area: 800 (74.32 sq.m.),4,2,1,2.0,South-East,Old Property,,800.0,,0,0,0,0,1,0,7
house,unitech espace,sector 50,7.45,34491.0,2160.0,Plot area 240(200.67 sq.m.)Built Up area: 4500 sq.yards (3762.57 sq.m.)Carpet area: 4000 sq.yards (3344.51 sq.m.),4,4,3,3.0,,Old Property,,4500.0,4000.0,0,1,0,0,0,1,59
house,surat nagar phase 2,sector 104,36.0,7843.0,45901.0,Plot area 51(42.64 sq.m.),2,2,1,1.0,North-East,Moderately Old,,51.0,,0,0,0,1,0,0,0
house,independent,sector 4,40.0,8889.0,44999.0,Plot area 50(41.81 sq.m.),1,1,0,1.0,,Moderately Old,,50.0,,0,0,0,0,0,0,0
house,vipul tatvam villa,sector 48,7.69,24069.0,3195.0,Plot area 355(296.83 sq.m.),4,5,3,2.0,North-West,Moderately Old,,3195.0,,1,1,1,1,0,1,110
house,ansals palam vihar,sector 2,9.0,19231.0,4680.0,Plot area 520(434.79 sq.m.),5,5,2,2.0,North,Old Property,,4680.0,,1,1,1,1,0,2,110
house,independent,sector 28,11.25,34722.0,3240.0,Plot area 360(301.01 sq.m.),9,9,3+,2.0,North,Moderately Old,,3240.0,,0,1,1,1,0,1,126
flat,pioneer araya,sector 62,8.35,19513.0,4279.2,Super Built up area 4279(397.53 sq.m.),4,6,3,16.0,East,Relatively New,4279.0,,,0,0,0,0,0,0,153
house,independent,sector 8,32.0,7111.0,45001.0,Built Up area: 450 (41.81 sq.m.)Carpet area: 300 sq.ft. (27.87 sq.m.),2,3,1,1.0,North-East,Relatively New,,450.0,300.0,0,0,0,0,0,0,0
house,independent,sector 55,9.19,34037.0,2700.0,Plot area 300(250.84 sq.m.),16,18,2,4.0,West,New Property,,2700.0,,0,1,0,1,0,1,49
house,independent,sector 25,13.0,45710.0,2844.0,Plot area 316(264.22 sq.m.),6,8,3+,1.0,,Relatively New,,2844.0,,1,1,1,1,0,2,0
house,ireo victory valley,sector 67,8.0,22222.0,3600.0,Plot area 400(334.45 sq.m.),6,7,3+,3.0,North-East,Moderately Old,,3600.0,,1,1,1,1,0,1,151
house,independent,sector 10,45.0,8333.0,54002.0,Plot area 540(50.17 sq.m.),4,2,1,2.0,,Relatively New,,540.0,,0,0,0,0,0,0,0
house,dlf city plots,sector 26,20.0,44265.0,4518.0,Plot area 502(419.74 sq.m.),16,20,3+,4.0,North-East,New Property,,4518.0,,1,1,1,1,0,1,153
house,independent,sector 7,45.0,8007.0,56201.0,Plot area 562(52.21 sq.m.),3,2,1,1.0,North-East,Old Property,,562.0,,0,0,0,0,0,0,15
house,greenopolis,sector 89,70.0,5397.0,129702.0,Built Up area: 1297 (120.5 sq.m.),2,2,2,14.0,North-East,Undefined,,1297.0,,0,0,0,0,0,0,0
house,independent,sector 7,95.0,21111.0,45000.0,Plot area 450(41.81 sq.m.),2,1,1,3.0,,New Property,,450.0,,0,0,0,0,0,0,15
house,independent,sector 57,8.0,266666.0,300.0,Plot area 300(27.87 sq.m.),5,4,3,2.0,North,Relatively New,,300.0,,1,1,0,1,0,0,21
house,dlf city plots phase 2,sector 25,10.5,261194.0,402.0,Plot area 402(37.35 sq.m.),4,4,2,2.0,East,Old Property,,402.0,,0,1,0,1,0,1,91
house,independent,sector 28,9.0,27778.0,3240.0,Plot area 360(301.01 sq.m.),6,7,3+,3.0,North,Moderately Old,,3240.0,,1,1,1,1,0,0,67
house,independent,sector 2,70.0,7777.0,90009.0,Built Up area: 900 (83.61 sq.m.),1,1,0,1.0,,Undefined,,900.0,,0,0,0,0,0,0,0
house,emaar mgf marbella,sector 66,11.0,33951.0,3240.0,Plot area 360(301.01 sq.m.),5,6,3+,2.0,North-East,New Property,,3240.0,,1,1,1,1,0,1,153
house,independent,sector 9,35.0,9722.0,36001.0,Plot area 40(33.45 sq.m.),2,2,1,2.0,South-East,Old Property,,40.0,,0,0,0,0,0,0,0
house,independent,sector 36,65.8,7168.0,91797.0,Built Up area: 823 (76.46 sq.m.),2,2,3,4.0,,New Property,,823.0,,0,0,0,0,0,0,0
flat,suncity platinum towers,sector 28,7.0,22222.0,3150.0,Super Built up area 3150(292.64 sq.m.)Carpet area: 1913 sq.ft. (177.72 sq.m.),4,3,2,10.0,North,Moderately Old,3150.0,,1913.0,0,0,0,0,0,0,31
house,dlf city plot phase 4,sector 28,13.0,1992.0,65261.0,Carpet area: 7250 (6061.92 sq.m.),10,10,3+,1.0,,Undefined,,,7250.0,0,0,0,0,0,0,0
house,independent,sector 50,7.0,32407.0,2160.0,Built Up area: 240 (200.67 sq.m.),3,2,0,1.0,,Undefined,,240.0,,0,0,0,0,0,0,0
house,independent,sector 48,82.0,3904.0,210041.0,Carpet area: 2100 (195.1 sq.m.),3,2,1,1.0,North,Undefined,,,2100.0,0,0,0,0,0,0,0
house,independent,sector 50,10.45,38703.0,2700.0,Plot area 2700(250.84 sq.m.)Built Up area: 4000 sq.ft. (371.61 sq.m.),4,5,2,3.0,North,Moderately Old,,4000.0,,1,1,0,1,0,1,142
house,independent,sector 26,6.75,27778.0,2430.0,Plot area 270(225.75 sq.m.),3,3,3,2.0,North-East,Moderately Old,,2430.0,,0,0,0,0,0,0,27
house,independent,sector 43,27.5,24366.0,11286.0,Plot area 1254(1048.5 sq.m.),6,7,3+,3.0,North-East,Relatively New,,11286.0,,1,1,0,1,1,1,42
house,unitech uniworld resorts,sector 33,8.0,17778.0,4500.0,Built Up area: 500 (418.06 sq.m.),6,5,3+,4.0,,Undefined,,500.0,,0,0,0,0,0,0,0
house,independent,sector 81,15.5,2296.0,67509.0,Plot area 75(62.71 sq.m.),2,1,0,1.0,,Old Property,,75.0,,0,0,0,0,0,0,0
house,independent,sector 41,7.25,29293.0,2475.0,Plot area 275(229.94 sq.m.),9,8,3,4.0,South-West,Old Property,,2475.0,,0,1,0,0,0,1,94
house,independent,sector 26,14.75,51864.0,2844.0,Plot area 316(264.22 sq.m.),16,20,3+,4.0,East,New Property,,2844.0,,1,1,1,1,0,1,153
house,unitech uniworld resorts,sector 33,8.0,11428.0,7000.0,Plot area 7000(650.32 sq.m.),4,4,3+,2.0,West,Old Property,,7000.0,,1,1,1,1,0,0,77
house,independent,sector 56,8.0,9654.0,8287.0,Plot area 362(33.63 sq.m.)Built Up area: 8286 sq.ft. (769.79 sq.m.),10,10,3+,4.0,,Relatively New,,8286.0,,1,1,0,1,0,2,107
house,independent,sector 3,80.0,8155.0,98099.0,Plot area 109(91.14 sq.m.),5,4,1,2.0,,Moderately Old,,109.0,,0,0,0,0,0,0,0
house,sheetla enclave,sector 5,96.0,10000.0,96000.0,Plot area 945(87.79 sq.m.),7,4,2,3.0,,Moderately Old,,945.0,,0,0,1,1,0,1,0
house,independent,sector 110,34.0,6800.0,50000.0,Built Up area: 500 (46.45 sq.m.),1,1,0,1.0,,Undefined,,500.0,,0,0,0,0,0,0,0
house,independent,sector 1,80.0,6666.0,120012.0,Plot area 1200(111.48 sq.m.),8,8,2,1.0,,Relatively New,,1200.0,,0,0,0,0,0,0,0
house,dlf city plots,sector 26,12.5,38580.0,3240.0,Plot area 360(301.01 sq.m.),4,5,2,2.0,North-East,Moderately Old,,3240.0,,1,1,0,0,0,1,121
house,independent,sector 28,11.75,41315.0,2844.0,Plot area 316(264.22 sq.m.),4,5,3+,4.0,East,Relatively New,,2844.0,,1,1,1,0,0,1,54
house,independent,sector 26,18.0,39841.0,4518.0,Plot area 502(419.74 sq.m.),5,4,3+,4.0,North,Moderately Old,,4518.0,,1,1,1,1,0,1,113
house,independent,sector 3,90.0,80357.0,11200.0,Built Up area: 112 (10.41 sq.m.),3,3,0,2.0,,Undefined,,112.0,,0,0,0,0,0,0,0
house,unitech espace,sector 50,11.29,34846.0,3240.0,Plot area 360(301.01 sq.m.),5,5,3+,2.0,,Moderately Old,,3240.0,,1,0,0,1,0,0,21
house,independent,sector 25,9.9,29333.0,3375.0,Plot area 375(313.55 sq.m.),5,5,2,2.0,South-East,Moderately Old,,3375.0,,0,0,0,1,0,1,106
house,vipul tatvam villa,sector 48,18.5,26428.0,7000.0,Plot area 7000(650.32 sq.m.),4,4,1,1.0,,Moderately Old,,7000.0,,0,0,0,0,0,0,30
house,independent,sector 43,8.49,31444.0,2700.0,Plot area 300(250.84 sq.m.),3,3,2,4.0,North,Relatively New,,2700.0,,0,1,0,1,0,1,21
house,independent,sector 10,49.0,10378.0,47215.0,Plot area 530(49.24 sq.m.),2,1,0,1.0,,Old Property,,530.0,,0,0,0,0,0,0,7
house,independent,sector 104,80.0,80000.0,10000.0,Plot area 100(9.29 sq.m.),13,6,3+,3.0,South,Moderately Old,,100.0,,1,1,0,1,1,0,0
house,independent,sector 4,46.75,10601.0,44100.0,Plot area 49(40.97 sq.m.)Built Up area: 50 sq.yards (41.81 sq.m.)Carpet area: 48 sq.yards (40.13 sq.m.),2,2,1,2.0,East,New Property,,50.0,48.0,1,0,0,0,0,1,73
house,independent,sector 26,13.5,29880.0,4518.0,Plot area 502(419.74 sq.m.),5,5,3+,2.0,North-East,Relatively New,,4518.0,,1,1,0,1,1,2,49
house,ansal sushant lok plots,sector 43,7.0,25926.0,2700.0,Plot area 300(250.84 sq.m.),5,5,3+,3.0,North-East,Relatively New,,2700.0,,1,1,0,1,0,1,41
house,independent,sector 25,7.3,1560.0,46795.0,Plot area 215(179.77 sq.m.)Built Up area: 5800 sq.yards (4849.54 sq.m.)Carpet area: 5200 sq.yards (4347.86 sq.m.),9,9,2,3.0,North-West,Relatively New,,5800.0,5200.0,0,1,1,0,0,1,109
house,surendra homes dayaindependentd colony,sector 6,75.0,15625.0,48000.0,Built Up area: 480 (44.59 sq.m.),4,4,2,1.0,,Undefined,,480.0,,0,0,0,0,0,0,0
house,independent,sector 26,10.5,43210.0,2430.0,Plot area 302(252.51 sq.m.)Built Up area: 300 sq.yards (250.84 sq.m.)Carpet area: 270 sq.yards (225.75 sq.m.),12,12,3+,4.0,North-East,Relatively New,,300.0,270.0,0,1,0,1,0,1,72
house,independent,sector 3,85.0,8500.0,100000.0,Built Up area: 1000 (92.9 sq.m.),1,1,0,1.0,,Undefined,,1000.0,,0,0,0,0,0,0,0
house,independent,sector 26,23.0,25556.0,9000.0,Plot area 1000(836.13 sq.m.),4,4,3+,2.0,South-West,Relatively New,,9000.0,,1,1,1,1,0,1,145
house,independent,sector 50,10.55,32562.0,3240.0,Plot area 360(301.01 sq.m.),5,5,3,2.0,,Moderately Old,,3240.0,,1,1,0,0,0,0,42
house,international city by sobha phase 2,sector 109,8.48,23556.0,3600.0,Plot area 400(334.45 sq.m.),4,6,3+,3.0,North-East,New Property,,3600.0,,1,1,1,1,0,0,153
house,rajendra park gurgaon,sector 105,37.0,10277.0,36003.0,Plot area 360(33.45 sq.m.),4,3,2,3.0,East,Relatively New,,360.0,,0,0,0,0,0,0,0
house,ss hibiscus,sector 50,12.25,20940.0,5850.0,Plot area 5850(543.48 sq.m.),5,7,3+,1.0,South-East,Relatively New,,5850.0,,1,1,0,1,1,1,160
house,independent,sector 26,16.0,35556.0,4500.0,Plot area 500(418.06 sq.m.),5,6,3,2.0,North-East,Old Property,,4500.0,,0,0,0,0,0,0,0
flat,dlf the crest,sector 54,11.0,35222.0,3123.0,Super Built up area 3123(290.14 sq.m.),4,6,3,7.0,,Relatively New,3123.0,,,0,0,0,0,0,2,125
house,vipul tatvam villa,sector 48,22.0,26667.0,8250.0,Plot area 1000(836.13 sq.m.),5,6,3,3.0,,Moderately Old,,1000.0,,0,1,0,0,0,0,54
house,vipul tatvam villa,sector 48,8.4,21000.0,4000.0,Plot area 4000(371.61 sq.m.),4,5,3+,2.0,North,Moderately Old,,4000.0,,1,1,0,1,0,1,49
house,malibu towne,sector 47,8.5,53125.0,1600.0,Built Up area: 1600 (148.64 sq.m.),12,12,3+,4.0,North,New Property,,1600.0,,0,0,0,0,0,1,99
house,independent,sector 12,70.0,4117.0,170027.0,Plot area 1700(157.94 sq.m.),4,4,1,2.0,,Moderately Old,,1700.0,,0,0,0,0,0,0,0
house,independent,sector 3,58.25,10610.0,54901.0,Plot area 61(51 sq.m.)Built Up area: 1200 sq.ft. (111.48 sq.m.)Carpet area: 1000 sq.ft. (92.9 sq.m.),2,3,2,2.0,South-East,Relatively New,,1200.0,1000.0,0,0,0,0,0,0,8
house,unitech nirvana birch court,sector 50,6.8,31481.0,2160.0,Plot area 240(200.67 sq.m.),4,4,3+,2.0,South-East,Old Property,,2160.0,,1,1,0,1,0,0,105
house,independent,sector 3,58.25,10591.0,55000.0,Plot area 550(51.1 sq.m.)Built Up area: 1000 sq.ft. (92.9 sq.m.)Carpet area: 900 sq.ft. (83.61 sq.m.),2,3,2,2.0,South-East,Relatively New,,1000.0,900.0,0,0,0,0,0,0,8
house,independent,sector 26,18.25,18250.0,10000.0,Plot area 550(51.1 sq.m.)Carpet area: 10000 sq.ft. (929.03 sq.m.),7,9,3+,4.0,East,Relatively New,,,10000.0,1,1,1,1,0,1,77
house,international city by sobha phase 2,sector 109,6.8,12593.0,5400.0,Plot area 600(501.68 sq.m.),4,5,3,2.0,North-West,Relatively New,,5400.0,,0,1,0,0,0,0,49
house,independent,sector 48,7.5,2525.0,29703.0,Plot area 33(27.59 sq.m.),1,1,0,1.0,,Relatively New,,33.0,,0,0,0,0,0,0,0
house,independent,sector 9,60.0,10753.0,55798.0,Plot area 62(51.84 sq.m.),3,3,1,2.0,,Relatively New,,62.0,,0,0,0,0,0,0,0
house,independent,sector 68,18.0,4000.0,45000.0,Plot area 450(41.81 sq.m.),2,1,1,1.0,East,Relatively New,,450.0,,0,0,0,0,0,0,0
house,independent,sector 50,13.2,27155.0,4861.0,Built Up area: 4861 (451.6 sq.m.),6,6,0,2.0,,Undefined,,4861.0,,0,0,0,0,0,0,0
house,independent,sector 4,67.0,8557.0,78298.0,Plot area 87(72.74 sq.m.),3,2,1,1.0,South,Moderately Old,,87.0,,0,0,0,1,1,0,19
house,emaar mgf marbella,sector 66,12.0,38095.0,3150.0,Plot area 350(292.64 sq.m.),5,6,3+,3.0,North-East,Relatively New,,3150.0,,0,1,1,0,0,1,153
house,unitech uniworld resorts,sector 33,11.5,24573.0,4680.0,Plot area 520(434.79 sq.m.),5,6,3+,4.0,East,Relatively New,,4680.0,,0,1,0,0,0,0,84
house,independent,sector 4,58.0,5658.0,102510.0,Plot area 1025(95.23 sq.m.),4,2,1,2.0,East,Old Property,,1025.0,,0,0,0,1,0,0,7
house,independent,sector 25,10.85,38150.0,2844.0,Plot area 316(264.22 sq.m.),6,6,1,3.0,North-East,Relatively New,,2844.0,,0,0,1,0,0,1,136
house,vipul tatvam villa,sector 48,8.5,26235.0,3240.0,Plot area 360(301.01 sq.m.),4,4,2,1.0,East,Moderately Old,,3240.0,,0,1,1,1,0,0,88
house,independent,sector 11,90.0,10000.0,90000.0,Plot area 900(83.61 sq.m.),7,4,3+,4.0,,Moderately Old,,900.0,,0,0,0,0,0,0,7
house,independent,sector 7,45.0,5000.0,90000.0,Carpet area: 900 (83.61 sq.m.),3,2,0,1.0,,Undefined,,,900.0,0,0,0,0,0,0,0
house,unitech espace,sector 50,11.5,35494.0,3240.0,Built Up area: 3240 (301.01 sq.m.),5,6,0,1.0,North-West,Undefined,,3240.0,,0,0,0,0,0,0,0
house,independent,sector 57,6.95,38611.0,1800.0,Plot area 192(160.54 sq.m.),12,12,3+,4.0,East,New Property,,1728.0,,0,1,1,0,0,1,73
house,madan puri,sector 7,75.0,12500.0,60000.0,Plot area 600(55.74 sq.m.),3,5,3,3.0,South-East,Moderately Old,,600.0,,0,0,0,0,0,0,0
house,independent,sector 26,18.9,41833.0,4518.0,Plot area 502(419.74 sq.m.),6,8,2,3.0,North-East,Relatively New,,4518.0,,1,1,1,1,0,1,120
house,dlf city plots phase 2,sector 25,7.5,31686.0,2367.0,Plot area 215(179.77 sq.m.),9,9,3+,4.0,West,Relatively New,,2300.5,,1,1,0,1,0,1,160
house,independent,sector 12,38.0,4222.0,90005.0,Plot area 900(83.61 sq.m.),3,3,3,3.0,,Relatively New,,900.0,,0,0,0,0,0,0,0
house,independent,sector 25,10.0,37037.0,2700.0,Plot area 300(250.84 sq.m.),5,6,3,3.0,North,Old Property,,2700.0,,0,1,1,0,0,1,64
house,independent,sector 57,7.25,26852.0,2700.0,Plot area 300(250.84 sq.m.),9,9,3+,2.0,North-East,New Property,,2700.0,,0,1,0,1,1,1,49
house,tata primanti,sector 72,8.5,13492.0,6300.0,Plot area 6300(585.29 sq.m.),5,6,3+,10.0,East,Relatively New,,6300.0,,1,1,1,1,0,1,145
house,unitech uniworld resorts,sector 33,11.75,23240.0,5056.0,Plot area 502(419.74 sq.m.),5,7,3+,3.0,East,Relatively New,,502.0,,0,1,0,0,0,0,80
house,independent,sector 105,60.0,13333.0,45001.0,Built Up area: 450 (41.81 sq.m.),3,3,0,3.0,,Undefined,,450.0,,0,0,0,0,0,0,0
house,independent,sector 28,70.0,8101.0,86409.0,Plot area 864(80.27 sq.m.),4,2,0,2.0,North,Old Property,,864.0,,0,0,0,0,0,0,7
house,nirvana country,sector 41,16.0,35556.0,4500.0,Plot area 500(418.06 sq.m.),6,7,3,3.0,North-West,Old Property,,4500.0,,0,1,1,1,0,1,113
house,independent,sector 40,12.0,38986.0,3078.0,Plot area 342(285.96 sq.m.),16,16,3+,4.0,,New Property,,3078.0,,1,1,1,1,0,1,0
house,independent,sector 48,49.0,4260.0,115023.0,Plot area 1150(106.84 sq.m.),2,2,1,3.0,,New Property,,1150.0,,0,0,0,0,0,0,0
house,independent,sector 4,55.0,6813.0,80728.0,Built Up area: 75,2,1,1,1.0,,Moderately Old,,75.0,,0,0,0,0,0,0,0
house,independent house sector 45,sector 40,9.0,38022.0,2367.0,Plot area 2367(219.9 sq.m.)Built Up area: 9000 sq.ft. (836.13 sq.m.)Carpet area: 6000 sq.ft. (557.42 sq.m.),12,12,3,4.0,North-West,New Property,,9000.0,6000.0,0,1,0,0,0,1,71
house,independent,sector 25,16.0,59259.0,2700.0,Plot area 350(292.64 sq.m.)Built Up area: 325 sq.yards (271.74 sq.m.)Carpet area: 300 sq.yards (250.84 sq.m.),16,16,3+,4.0,West,New Property,,325.0,300.0,1,1,1,1,0,1,72
house,independent,sector 8,82.0,9111.0,90001.0,Plot area 100(83.61 sq.m.),4,3,3,2.0,North,Moderately Old,,100.0,,0,0,0,0,0,0,12
house,nitin vihar,sector 33,85.0,9444.0,90004.0,Plot area 900(83.61 sq.m.),3,2,0,1.0,West,Relatively New,,900.0,,0,0,0,0,0,0,15
house,unitech aspen greens,sector 50,6.95,4490.0,15479.0,Plot area 240(200.67 sq.m.)Built Up area: 2160 sq.yards (1806.04 sq.m.)Carpet area: 1720 sq.yards (1438.14 sq.m.),3,3,1,2.0,North-East,Moderately Old,,2160.0,1720.0,0,1,0,0,0,0,160
house,bhim nagar society,sector 6,40.0,2500.0,160000.0,Built Up area: 1600 (148.64 sq.m.)Carpet area: 800 sq.ft. (74.32 sq.m.),4,2,2,1.0,East,Undefined,,1600.0,800.0,0,0,0,0,0,0,0
house,uppal southend,sector 49,6.75,290948.0,232.0,Plot area 232(21.55 sq.m.),12,12,3+,1.0,West,Moderately Old,,232.0,,1,1,0,1,1,1,49
house,bptp pedestal,sector 70,90.0,7582.0,118702.0,Carpet area: 1187 (110.28 sq.m.),2,2,3+,3.0,North-East,New Property,,,1187.0,0,1,0,0,1,0,153
flat,dlf the belaire,sector 54,10.0,24557.0,4072.2,Super Built up area 4072(378.3 sq.m.)Built Up area: 3000 sq.ft. (278.71 sq.m.)Carpet area: 2800 sq.ft. (260.13 sq.m.),4,5,3+,17.0,North,Moderately Old,4072.0,3000.0,2800.0,0,0,0,0,0,2,167
house,signature global city 92,sector 92,75.0,7820.0,95908.0,Built Up area: 959 (89.09 sq.m.),2,2,3,1.0,,Undefined,,959.0,,0,0,0,0,0,0,46
house,independent,sector 26,8.49,47167.0,1800.0,Plot area 200(167.23 sq.m.),12,12,3+,4.0,North,Relatively New,,1800.0,,0,1,0,1,0,1,42
flat,unitech vistas,sector 70,9.0,57507.0,1565.0,Built Up area: 1565 (145.39 sq.m.),3,3,0,7.0,,Undefined,,1565.0,,0,0,0,0,0,0,0
house,independent,sector 25,9.0,33333.0,2700.0,Plot area 300(250.84 sq.m.),5,5,3,3.0,North,Old Property,,2700.0,,1,1,1,1,0,0,56
house,palam vihar extension west zone rwa,sector 2,40.0,4444.0,90009.0,Plot area 900(83.61 sq.m.),6,4,2,2.0,West,Moderately Old,,900.0,,0,0,0,0,0,0,36
house,palam vihar extension west zone rwa,sector 2,65.0,5777.0,112515.0,Plot area 1125(104.52 sq.m.),2,2,1,1.0,North,Moderately Old,,1125.0,,0,0,1,0,0,0,23
house,vipul tatvam villa,sector 48,8.2,25309.0,3240.0,Plot area 360(301.01 sq.m.),3,3,2,2.0,North,Moderately Old,,3240.0,,1,1,0,1,0,2,160
house,independent,sector 4,61.0,100000.0,6100.0,Plot area 61(5.67 sq.m.),2,2,2,2.0,South-East,Moderately Old,,61.0,,0,0,0,0,1,0,14
house,sare crescent parc royal greens phase 1,sector 92,85.0,4877.0,174287.0,Built Up area: 1743 (161.93 sq.m.),4,4,3,4.0,,Undefined,,1743.0,,0,0,0,0,0,0,0
house,independent,sector 7,45.0,5000.0,90000.0,Plot area 900(83.61 sq.m.),3,2,1,2.0,North-West,Old Property,,900.0,,0,0,0,0,1,0,12
house,farrukhnagar,sector 10,60.0,5698.0,105300.0,Plot area 117(97.83 sq.m.),5,4,3+,2.0,North,Relatively New,,117.0,,1,0,0,0,0,1,16
house,vipul tatvam villa,sector 48,19.5,22222.0,8775.0,Plot area 975(815.22 sq.m.),5,6,3,2.0,North,Moderately Old,,8775.0,,1,1,1,1,0,1,110
house,independent,sector 7,8.0,22222.0,3600.0,Plot area 400(334.45 sq.m.),4,5,3+,1.0,North-East,Old Property,,3600.0,,1,1,0,1,0,0,31
house,nul,sector 25,9.5,33404.0,2844.0,Plot area 316(264.22 sq.m.),9,9,3+,3.0,North-West,Old Property,,2844.0,,0,0,0,0,1,0,81
house,independent,sector 4,47.5,3519.0,134982.0,Built Up area: 1350 (125.42 sq.m.),3,4,0,3.0,,Undefined,,1350.0,,0,0,0,0,0,0,0
house,international city by sobha phase 2,sector 109,11.3,25111.0,4500.0,Plot area 500(418.06 sq.m.)Built Up area: 480 sq.yards (401.34 sq.m.)Carpet area: 460 sq.yards (384.62 sq.m.),7,5,3+,4.0,East,Relatively New,,480.0,460.0,1,1,0,1,1,0,49
house,international city by sobha phase 2,sector 109,11.25,25000.0,4500.0,Plot area 500(418.06 sq.m.),7,5,3+,4.0,North-East,Relatively New,,4500.0,,1,1,0,1,0,0,42
flat,pioneer araya,sector 62,9.2,19943.0,4613.2,Super Built up area 4613(428.56 sq.m.)Carpet area: 3203 sq.ft. (297.57 sq.m.),4,6,3,5.0,South,Relatively New,4613.0,,3203.0,0,0,0,0,0,1,156
house,international city by sobha phase 2,sector 109,10.0,27778.0,3600.0,Plot area 400(334.45 sq.m.),4,5,3+,2.0,East,New Property,,3600.0,,1,1,0,1,1,1,49
house,anshul,sector 6,85.0,7727.0,110004.0,Carpet area: 1100 (102.19 sq.m.),2,2,0,4.0,North-East,Undefined,,,1100.0,0,0,0,0,0,0,0
house,independent,sector 43,13.5,50000.0,2700.0,Plot area 300(250.84 sq.m.),16,16,3+,4.0,North-West,Relatively New,,2700.0,,1,1,0,1,1,0,41
house,my home,sector 2,34.0,12592.0,27001.0,Plot area 270(25.08 sq.m.),2,2,2,3.0,West,Moderately Old,,270.0,,0,0,0,0,0,0,22
house,independent,sector 43,8.5,31481.0,2700.0,Plot area 300(250.84 sq.m.),5,5,3,3.0,West,Moderately Old,,2700.0,,0,1,0,0,0,1,113
house,nirvana cedar crest,sector 50,7.1,32870.0,2160.0,Plot area 240(200.67 sq.m.)Built Up area: 239 sq.yards (199.83 sq.m.)Carpet area: 238 sq.yards (199 sq.m.),5,4,3,2.0,East,Moderately Old,,239.0,238.0,1,0,1,1,0,1,110
flat,dlf beverly park,sector 25,8.0,15384.0,5200.2,Carpet area: 5200 (483.1 sq.m.),5,5,3+,2.0,North-East,Old Property,,,5200.0,0,0,0,0,0,2,26
house,independent,sector 36,75.0,6938.0,108100.0,Built Up area: 1081 (100.43 sq.m.),3,1,0,1.0,,Undefined,,1081.0,,0,0,0,0,0,0,0
house,independent,sector 105,74.0,7400.0,100000.0,Built Up area: 1000 (92.9 sq.m.),3,3,0,2.0,,Undefined,,1000.0,,0,0,0,0,0,0,0
flat,elevate,sector 50,6.75,19882.0,3395.0,Built Up area: 3395 (315.41 sq.m.),4,4,0,10.0,,Undefined,,3395.0,,0,0,0,0,0,0,0
house,independent,sector 102,70.0,9722.0,72002.0,Plot area 80(66.89 sq.m.),4,3,2,3.0,West,Relatively New,,80.0,,0,0,1,1,0,0,12
house,dlf city plots,sector 26,13.5,29880.0,4518.0,Plot area 502(419.74 sq.m.),5,5,3,2.0,East,Old Property,,4518.0,,1,1,1,1,0,1,110
house,independent,sector 4,38.0,8254.0,46038.0,Plot area 52.5(43.9 sq.m.)Built Up area: 52.5 sq.yards (43.9 sq.m.),1,1,1,1.0,,Relatively New,,52.5,,0,0,0,0,1,0,23
house,independent,sector 41,7.0,28283.0,2475.0,Plot area 275(229.94 sq.m.),7,7,3+,3.0,South-West,Moderately Old,,2475.0,,1,1,1,1,0,2,151
house,independent,sector 11,80.0,8889.0,89999.0,Plot area 100(83.61 sq.m.),4,4,0,2.0,,Old Property,,100.0,,0,0,0,0,0,0,0
house,not applicable,sector 4,80.0,54794.0,14600.0,Plot area 146(13.56 sq.m.),5,4,3,3.0,,Under Construction,,146.0,,0,0,0,0,0,0,0
house,independent,sector 25,11.0,35530.0,3096.0,Plot area 344(287.63 sq.m.),5,5,3+,2.0,,Relatively New,,3096.0,,1,1,1,1,0,0,29
house,independent,sector 14,8.0,17707.0,4518.0,Plot area 502(419.74 sq.m.),12,4,3+,3.0,North,Old Property,,4518.0,,0,1,1,0,0,0,32
house,independent,sector 57,8.31,24171.0,3438.0,Plot area 382(319.4 sq.m.),5,6,3+,4.0,North-East,Old Property,,3438.0,,1,1,1,1,0,0,34
house,independent,sector 45,8.5,26235.0,3240.0,Plot area 360(301.01 sq.m.),5,4,2,1.0,North-East,Moderately Old,,3240.0,,0,1,0,1,0,1,49
house,independent,sector 28,75.0,20833.0,36001.0,Plot area 40(33.45 sq.m.),7,4,3+,4.0,,Moderately Old,,40.0,,0,0,0,0,0,0,7
house,emaar mgf marbella,sector 66,8.8,41615.0,2115.0,Built Up area: 267 (223.25 sq.m.),4,4,3+,3.0,South-East,Relatively New,,267.0,,0,1,1,1,0,0,107
house,independent,sector 8,49.0,11250.0,43556.0,Plot area 360(33.45 sq.m.),6,3,2,3.0,East,Moderately Old,,360.0,,0,0,0,0,0,0,8
house,dlf city plots phase 4,sector 28,9.54,29444.0,3240.0,Plot area 360(301.01 sq.m.),6,5,3+,3.0,North,New Property,,3240.0,,1,1,1,1,0,0,153
house,independent,sector 105,37.0,8222.0,45001.0,Plot area 450(41.81 sq.m.),2,2,1,1.0,,Moderately Old,,450.0,,0,0,0,0,1,0,0
house,unitech espace,sector 50,10.45,32253.0,3240.0,Plot area 360(301.01 sq.m.),5,7,3+,3.0,,Moderately Old,,3240.0,,1,1,0,1,1,1,153
house,independent,sector 3,90.0,8928.0,100806.0,Built Up area: 1008 (93.65 sq.m.),3,1,0,1.0,,Undefined,,1008.0,,0,0,0,0,0,0,0
house,independent,sector 25,8.0,8000.0,10000.0,Carpet area: 10000 (929.03 sq.m.),3,9,2,3.0,,New Property,,,10000.0,0,0,0,0,0,0,0
house,independent,sector 45,7.35,29697.0,2475.0,Plot area 275(229.94 sq.m.),6,4,3+,3.0,North-East,Old Property,,2475.0,,1,1,1,1,0,1,61
house,unitech escape,sector 50,10.8,60000.0,1800.0,Plot area 290(242.48 sq.m.)Built Up area: 250 sq.yards (209.03 sq.m.)Carpet area: 200 sq.yards (167.23 sq.m.),4,4,3,2.0,North,Relatively New,,250.0,200.0,1,1,1,1,0,1,103
house,unitech deerwood chase,sector 50,8.45,235376.0,359.0,Plot area 359(33.35 sq.m.),3,3,2,2.0,North-East,Old Property,,359.0,,1,1,0,0,0,1,102
house,independent,sector 25,10.0,37037.0,2700.0,Plot area 2700(250.84 sq.m.)Built Up area: 9500 sq.ft. (882.58 sq.m.)Carpet area: 9000 sq.ft. (836.13 sq.m.),5,5,3+,3.0,East,Moderately Old,,9500.0,9000.0,0,1,0,1,0,2,29
house,ashok vihar phase iii extension,sector 3,40.0,8889.0,44999.0,Plot area 50(41.81 sq.m.),7,4,3+,4.0,,New Property,,50.0,,0,0,0,1,0,0,7
house,independent,sector 26,7.0,39265.0,1783.0,Plot area 1782.72(165.62 sq.m.),5,5,2,3.0,North-East,Relatively New,,1782.72,,0,1,0,0,0,0,9
house,independent,sector 2,52.0,5778.0,89997.0,Plot area 100(83.61 sq.m.),3,2,2,2.0,,New Property,,100.0,,0,0,0,0,0,0,0
house,independent,sector 17,8.5,18814.0,4518.0,Plot area 502(419.74 sq.m.)Built Up area: 500 sq.yards (418.06 sq.m.)Carpet area: 400 sq.yards (334.45 sq.m.),4,4,2,2.0,West,Old Property,,500.0,400.0,1,1,0,1,0,1,21
flat,central park resorts,sector 48,11.25,28266.0,3980.0,Carpet area: 3980 (369.75 sq.m.),4,5,3+,2.0,North-West,Relatively New,,,3980.0,0,0,0,0,0,0,45
flat,dlf the arbour,sector 63,8.5,21519.0,3950.0,Built Up area: 3950 (366.97 sq.m.),4,4,0,27.0,,Undefined,,3950.0,,0,0,0,0,0,0,61
house,independent,sector 47,99.0,17187.0,57602.0,Plot area 64(53.51 sq.m.),4,4,3,4.0,,Relatively New,,64.0,,0,0,0,0,0,0,13
house,independent,sector 7,90.0,10000.0,90000.0,Plot area 100(83.61 sq.m.),6,4,3,3.0,North-East,Old Property,,100.0,,0,1,0,0,1,1,44
house,independent,sector 1,10.0,122222.0,818.0,Plot area 900(83.61 sq.m.),4,4,3+,1.0,North-East,Undefined,,900.0,,0,1,0,0,0,0,12
house,independent,sector 26,20.0,44444.0,4500.0,Plot area 500(418.06 sq.m.),5,7,3+,3.0,West,Relatively New,,4500.0,,0,1,0,1,0,2,97
house,unitech deerwood chase,sector 50,15.0,33333.0,4500.0,Plot area 500(418.06 sq.m.),4,4,2,2.0,West,Moderately Old,,4500.0,,0,1,0,0,0,0,160
house,malibu towne,sector 47,8.81,27191.0,3240.0,Plot area 360(301.01 sq.m.),8,6,3+,3.0,East,Moderately Old,,3240.0,,1,1,0,0,1,1,27
house,dlf city plots phase 2,sector 25,15.5,34307.0,4518.0,Plot area 502(419.74 sq.m.),5,6,3+,3.0,East,Moderately Old,,4518.0,,1,1,1,1,0,0,144
house,bptp pedestal,sector 70,92.0,7750.0,118710.0,Carpet area: 1187 (110.28 sq.m.),2,3,3+,3.0,North-East,New Property,,,1187.0,0,0,0,0,1,0,153
house,independent,sector 26,8.9,32963.0,2700.0,Plot area 300(250.84 sq.m.),4,4,3+,2.0,South-East,Old Property,,2700.0,,1,1,1,1,0,0,82
flat,pioneer urban presidia,sector 62,7.15,16486.0,4337.0,Super Built up area 4337(402.92 sq.m.),4,5,3+,7.0,East,Relatively New,4337.0,,,0,0,0,0,0,1,158
house,independent,sector 9,50.0,6083.0,82196.0,Built Up area: 822 (76.37 sq.m.)Carpet area: 750 sq.ft. (69.68 sq.m.),3,2,1,1.0,,Undefined,,822.0,750.0,0,0,0,0,0,0,0
house,independent,sector 3,85.0,9444.0,90004.0,Carpet area: 900 (83.61 sq.m.),5,3,3,1.0,,Undefined,,,900.0,0,0,0,0,0,0,0
house,independent,sector 25,16.0,26667.0,6000.0,Built Up area: 6000 (557.42 sq.m.),6,5,2,3.0,East,Relatively New,,6000.0,,0,0,0,0,0,0,0
house,independent,sector 56,12.39,45889.0,2700.0,Plot area 300(250.84 sq.m.),16,18,3+,4.0,North-East,New Property,,2700.0,,0,1,0,1,0,1,49
house,floor wise designer kothi,sector 25,13.0,48148.0,2700.0,Plot area 300(250.84 sq.m.),12,16,3+,4.0,North-East,New Property,,2700.0,,1,1,1,1,0,1,144
house,sai kripa floors 5,sector 11,90.0,11250.0,80000.0,Plot area 800(74.32 sq.m.),5,5,3,3.0,,Relatively New,,800.0,,0,0,0,0,0,0,0
house,independent,sector 3,55.0,7333.0,75003.0,Built Up area: 750 (69.68 sq.m.),1,1,0,1.0,,Undefined,,750.0,,0,0,0,0,0,0,0
flat,tata primanti,sector 72,6.75,19285.0,3500.1,Super Built up area 4250(394.84 sq.m.)Built Up area: 4000 sq.ft. (371.61 sq.m.)Carpet area: 3500 sq.ft. (325.16 sq.m.),4,4,3+,0.0,North-East,New Property,4250.0,4000.0,3500.0,0,0,0,0,0,1,174
house,vipul tatvam villa,sector 48,8.5,26235.0,3240.0,Plot area 360(301.01 sq.m.),4,4,1,1.0,,Relatively New,,3240.0,,0,0,0,0,0,0,21
house,independent,sector 3,60.0,6000.0,100000.0,Built Up area: 1000 (92.9 sq.m.),1,1,0,1.0,,Undefined,,1000.0,,0,0,0,0,0,0,0
house,international city by sobha phase 2,sector 109,7.0,12963.0,5400.0,Plot area 600(501.68 sq.m.),5,6,2,2.0,West,Relatively New,,5400.0,,0,1,0,0,0,0,154
house,independent,sector 26,17.0,37627.0,4518.0,Plot area 502(419.74 sq.m.),5,5,3+,2.0,North-East,Relatively New,,4518.0,,1,1,1,1,0,1,124
house,palam vihar extension west zone rwa,sector 2,35.0,6481.0,54004.0,Plot area 600(55.74 sq.m.)Carpet area: 540 sq.ft. (50.17 sq.m.),2,2,0,1.0,North-East,New Property,,,540.0,0,0,0,0,0,0,0
house,independent,sector 7,27.0,12000.0,22500.0,Plot area 225(20.9 sq.m.),2,2,1,2.0,North-East,Moderately Old,,225.0,,0,0,0,0,0,0,12
house,tata primanti,sector 72,8.6,12285.0,7000.0,Built Up area: 7000 (650.32 sq.m.),4,5,3+,3.0,,Relatively New,,7000.0,,0,0,0,0,0,1,30
house,international city by sobha phase 2,sector 109,12.5,26667.0,4687.0,Plot area 500(418.06 sq.m.),5,6,3,3.0,East,Relatively New,,4500.0,,1,1,1,1,0,0,63
house,independent,sector 13,90.0,11464.0,78507.0,Plot area 785(72.93 sq.m.),5,4,3,3.0,North-West,Moderately Old,,785.0,,1,1,0,1,1,0,0
house,independent,sector 3,90.0,10000.0,90000.0,Plot area 900(83.61 sq.m.)Built Up area: 3500 sq.ft. (325.16 sq.m.),3,4,3,3.0,,Moderately Old,,3500.0,,0,0,0,0,1,1,42
house,independent,sector 56,11.95,43534.0,2745.0,Plot area 305(255.02 sq.m.),12,12,3+,4.0,West,Relatively New,,2745.0,,0,1,0,0,0,1,21
house,vipul tatvam villa,sector 48,7.35,22812.0,3222.0,Plot area 358(299.33 sq.m.),4,5,2,2.0,South,Moderately Old,,3222.0,,1,1,1,1,0,1,144
house,independent,sector 28,10.5,32407.0,3240.0,Plot area 360(301.01 sq.m.),5,6,3+,3.0,,New Property,,3240.0,,1,1,0,1,0,1,153
house,ashok vihar phase 3 gurgaon,sector 3,95.0,8878.0,107006.0,Plot area 1070(99.41 sq.m.),4,3,2,1.0,East,Old Property,,1070.0,,0,0,0,0,0,0,8
house,secter 16a daultabad faridabad house no 313,sector 104,48.0,60000.0,8000.0,Plot area 80(7.43 sq.m.),2,2,0,2.0,South-East,Relatively New,,80.0,,0,0,0,0,0,0,16
house,independent,sector 3,50.0,11111.0,45000.0,Plot area 450(41.81 sq.m.),5,3,3,3.0,,Moderately Old,,450.0,,0,0,0,0,0,0,0
house,not applicable,sector 4,40.0,9259.0,43201.0,Plot area 432(40.13 sq.m.),1,1,1,1.0,,Moderately Old,,432.0,,0,0,0,0,0,0,0
house,independent,sector 37,45.0,10089.0,44603.0,Plot area 446(41.43 sq.m.),5,3,2,3.0,,Old Property,,446.0,,0,0,0,0,0,0,0
house,independent,sector 81,89.0,8127.0,109512.0,Built Up area: 1095 (101.73 sq.m.),1,1,0,1.0,,Undefined,,1095.0,,0,0,0,0,0,0,0
house,independent,sector 4,55.0,4074.0,135002.0,Plot area 1350(125.42 sq.m.),3,3,2,2.0,South,Relatively New,,1350.0,,0,0,0,0,1,0,7
house,kothi,sector 17,6.95,15444.0,4500.0,Plot area 500(418.06 sq.m.)Built Up area: 3500 sq.yards (2926.45 sq.m.),4,4,3+,2.0,,Old Property,,3500.0,,1,1,1,1,0,0,33
house,independent,sector 28,11.0,33951.0,3240.0,Plot area 360(301.01 sq.m.),13,13,3+,3.0,East,Relatively New,,3240.0,,1,1,0,1,0,2,122
house,rk excelo,sector 12,60.0,120000.0,5000.0,Plot area 50(4.65 sq.m.)Built Up area: 30 sq.ft. (2.79 sq.m.)Carpet area: 15 sq.ft. (1.39 sq.m.),5,3,2,3.0,North,Moderately Old,,30.0,15.0,0,0,0,0,1,0,0
flat,mm golfestate,sector 65,13.2,12000.0,11000.0,Carpet area: 11000 (1021.93 sq.m.),4,4,3,13.0,North,Moderately Old,,,11000.0,0,0,0,0,0,0,60
house,unitech aspen greens,sector 50,12.0,37037.0,3240.0,Plot area 360(301.01 sq.m.),3,4,2,1.0,East,Moderately Old,,3240.0,,1,1,0,0,0,1,101
house,independent,sector 48,95.0,8920.0,106502.0,Plot area 1065(98.94 sq.m.),10,10,3+,3.0,,New Property,,1065.0,,0,0,0,0,0,0,0
house,raj villas,sector 52,8.0,25543.0,3132.0,Carpet area: 348 (290.97 sq.m.),6,5,3+,4.0,East,Undefined,,,348.0,0,0,0,0,0,0,0
house,ss omnia,sector 86,42.0,84000.0,5000.0,Plot area 50(4.65 sq.m.),5,3,2,3.0,,Relatively New,,50.0,,0,0,0,0,0,0,0
house,bhim garh kheri,sector 3,75.0,6410.0,117005.0,Plot area 130(108.7 sq.m.),4,2,2,2.0,West,Old Property,,130.0,,0,0,0,0,0,0,16
house,sector 15 part 2 rwa,sector 15,10.0,22222.0,4500.0,Plot area 502(419.74 sq.m.),5,5,2,2.0,East,Old Property,,4518.0,,0,0,0,0,0,0,49
house,independent,sector 104,95.0,7280.0,130495.0,Plot area 145(121.24 sq.m.),7,6,3+,3.0,,Old Property,,145.0,,0,0,0,0,0,0,0
house,independent,sector 11,55.0,4583.0,120009.0,Carpet area: 1200 (111.48 sq.m.),2,2,0,2.0,North-East,Undefined,,,1200.0,0,0,0,0,0,0,0
house,independent,sector 43,9.5,42222.0,2250.0,Plot area 302(252.51 sq.m.)Built Up area: 300 sq.yards (250.84 sq.m.)Carpet area: 250 sq.yards (209.03 sq.m.),5,5,3+,2.0,North-East,Relatively New,,300.0,250.0,0,1,0,1,0,1,88
house,dlf city plots phase 2,sector 25,10.75,29861.0,3600.0,Plot area 400(334.45 sq.m.),9,9,3+,3.0,South-West,Old Property,,3600.0,,0,1,1,1,0,0,73
house,independent,sector 5,42.0,4666.0,90013.0,Plot area 900(83.61 sq.m.),2,2,1,1.0,,Relatively New,,900.0,,0,0,0,0,0,0,0
house,ss aaron ville,sector 49,6.75,15000.0,4500.0,Built Up area: 4500 (418.06 sq.m.),5,4,2,2.0,North,New Property,,4500.0,,0,0,0,0,1,0,49
house,independent,sector 5,70.0,7701.0,90897.0,Plot area 101(84.45 sq.m.),2,2,0,1.0,North-East,Moderately Old,,101.0,,0,0,0,0,0,1,46
flat,paras quartier,sector 59,7.5,14018.0,5350.3,Super Built up area 5350(497.03 sq.m.),4,4,3+,20.0,North-East,New Property,5350.0,,,0,0,0,0,0,1,49
house,independent,sector 56,35.0,3500.0,100000.0,Plot area 1000(92.9 sq.m.),1,4,1,1.0,,Moderately Old,,1000.0,,0,0,0,0,0,0,0
house,shri shyam residency,sector 104,62.0,12400.0,50000.0,Plot area 500(46.45 sq.m.)Built Up area: 900 sq.ft. (83.61 sq.m.)Carpet area: 480 sq.ft. (44.59 sq.m.),3,3,1,2.0,,Moderately Old,,900.0,480.0,0,0,0,0,1,2,8
house,emaar the palm springs,sector 54,24.0,600000.0,400.0,Plot area 400(37.16 sq.m.),5,5,2,1.0,North-East,Old Property,,400.0,,1,1,0,1,0,1,122
flat,ambience caitriona,sector 24,14.0,200000.0,700.0,Built Up area: 700 (65.03 sq.m.),4,5,3,3.0,East,Undefined,,700.0,,0,0,0,0,0,0,0
house,independent,sector 7,89.0,18658.0,47701.0,Plot area 477(44.31 sq.m.),5,3,2,2.0,East,Old Property,,477.0,,0,0,0,0,0,0,8
flat,pioneer araya,sector 62,10.75,19500.0,5512.8,Super Built up area 5514(512.27 sq.m.),5,7,3,10.0,North-East,Relatively New,5514.0,,,0,0,0,0,0,1,153
house,unitech aspen greens,sector 50,7.0,32407.0,2160.0,Plot area 240(200.67 sq.m.),4,4,2,2.0,East,Old Property,,2160.0,,0,1,0,0,0,0,29
house,unitech nirvana birch court,sector 50,7.1,283333.0,251.0,Plot area 240(22.3 sq.m.),3,3,3,1.0,East,Moderately Old,,240.0,,0,1,0,0,0,0,49
house,independent,sector 3,55.0,6707.0,82004.0,Plot area 820(76.18 sq.m.)Built Up area: 810 sq.ft. (75.25 sq.m.)Carpet area: 715 sq.ft. (66.43 sq.m.),2,2,1,2.0,South-East,Moderately Old,,810.0,715.0,0,0,0,0,0,0,0
house,uppal southend,sector 49,6.75,32328.0,2088.0,Built Up area: 232 (193.98 sq.m.),4,4,3,3.0,West,Relatively New,,232.0,,0,1,0,0,0,1,26
house,independent,sector 3,40.0,8000.0,50000.0,Built Up area: 500 (46.45 sq.m.)Carpet area: 300 sq.ft. (27.87 sq.m.),2,1,0,1.0,South,Undefined,,500.0,300.0,0,0,0,0,0,0,0
house,ss aaron ville,sector 49,6.75,19737.0,3420.0,Plot area 380(317.73 sq.m.),5,4,2,2.0,North,Old Property,,3420.0,,1,1,1,0,0,0,78
house,emaar mgf marbella,sector 66,12.0,37037.0,3240.0,Plot area 360(301.01 sq.m.),4,4,3+,3.0,East,Relatively New,,3240.0,,1,1,1,1,0,1,160
house,adani brahma samsara,sector 60,18.02,28200.0,6390.0,Built Up area: 6390 (593.65 sq.m.),9,12,3+,3.0,North-East,Relatively New,,6390.0,,0,1,0,0,0,1,146
house,naman residency,sector 4,50.0,11111.0,45000.0,Plot area 450(41.81 sq.m.),2,2,2,2.0,West,New Property,,450.0,,1,1,0,1,1,0,14
house,dlf city plots,sector 26,17.3,38734.0,4466.0,Plot area 502(419.74 sq.m.),6,7,3+,3.0,North,New Property,,4518.0,,1,1,1,1,0,1,124
house,independent,sector 3,68.0,3874.0,175529.0,Built Up area: 1755 (163.04 sq.m.),5,3,0,1.0,,Undefined,,1755.0,,0,0,0,0,0,0,0
house,independent,sector 26,26.0,82540.0,3150.0,Plot area 402(336.12 sq.m.)Built Up area: 400 sq.yards (334.45 sq.m.)Carpet area: 350 sq.yards (292.64 sq.m.),16,16,3+,4.0,North-West,New Property,,400.0,350.0,1,1,1,1,0,1,72
house,emaar mgf marbella,sector 66,19.0,31666.0,6000.0,Plot area 9000(836.13 sq.m.)Carpet area: 6000 sq.ft. (557.42 sq.m.),5,6,3+,3.0,North-East,Relatively New,,,6000.0,0,1,1,1,0,1,110
house,independent,sector 3,55.0,5000.0,110000.0,Built Up area: 1100 (102.19 sq.m.),2,1,0,1.0,,Undefined,,1100.0,,0,0,0,0,0,0,0
flat,dlf the arbour,sector 63,7.52,19000.0,3957.9,Built Up area: 3956 (367.52 sq.m.)Carpet area: 2200 sq.ft. (204.39 sq.m.),4,4,3,15.0,West,Undefined,,3956.0,2200.0,0,0,0,0,0,0,61
house,independent,sector 3,75.0,138888.0,5400.0,Plot area 54(5.02 sq.m.),2,1,0,1.0,,Old Property,,54.0,,0,0,0,0,0,0,0
house,independent,sector 4,50.0,9259.0,54002.0,Plot area 540(50.17 sq.m.),5,3,2,3.0,West,Old Property,,540.0,,0,0,0,0,0,0,0
house,emaar emerald hills,sector 65,12.5,34722.0,3600.0,Plot area 400(334.45 sq.m.),4,4,3+,2.0,East,Relatively New,,3600.0,,1,1,0,0,0,0,56
house,international city by sobha phase 2,sector 109,7.0,11240.0,6228.0,Plot area 692(578.6 sq.m.),5,5,3+,2.0,South,Relatively New,,6228.0,,0,1,0,0,0,0,129
house,unitech palms south city 1,sector 41,9.35,28858.0,3240.0,Plot area 3240(301.01 sq.m.)Built Up area: 7500 sq.ft. (696.77 sq.m.)Carpet area: 6000 sq.ft. (557.42 sq.m.),10,10,3+,4.0,North-East,Moderately Old,,7500.0,6000.0,1,1,0,0,0,1,70
house,prem kunj,sector 48,50.0,7407.0,67504.0,Plot area 675(62.71 sq.m.)Built Up area: 725 sq.ft. (67.35 sq.m.)Carpet area: 675 sq.ft. (62.71 sq.m.),5,4,3,3.0,South-West,Relatively New,,725.0,675.0,0,0,0,1,0,0,22
house,private house,sector 55,7.05,46906.0,1503.0,Plot area 167(139.63 sq.m.),18,18,3+,4.0,North-East,Relatively New,,1503.0,,0,0,0,0,1,2,57
house,independent,sector 25,13.5,19286.0,7000.0,Built Up area: 7000 (650.32 sq.m.),9,9,0,1.0,East,Relatively New,,7000.0,,0,0,0,0,0,0,0
house,"bhim nagar, sector 6",sector 6,85.0,126865.0,6700.0,Plot area 67(6.22 sq.m.),5,2,2,1.0,,Old Property,,67.0,,0,0,0,1,0,0,29
house,unitech palms south city 1,sector 41,9.25,28549.0,3240.0,Plot area 3240(301.01 sq.m.)Built Up area: 5000 sq.ft. (464.52 sq.m.)Carpet area: 4500 sq.ft. (418.06 sq.m.),9,9,3+,4.0,North,Moderately Old,,5000.0,4500.0,1,1,1,1,0,1,65
house,independent,sector 9,60.0,10753.0,55798.0,Plot area 62(51.84 sq.m.),2,2,1,1.0,North-East,Moderately Old,,62.0,,0,0,0,0,0,0,8
house,independent,sector 26,9.0,33333.0,2700.0,Plot area 300(250.84 sq.m.),5,5,2,3.0,South-West,Old Property,,2700.0,,1,1,1,1,0,2,110
house,independent,sector 3,92.0,15257.0,60300.0,Built Up area: 603 (56.02 sq.m.),4,1,0,1.0,,Undefined,,603.0,,0,0,0,0,0,0,0
house,suncity township,sector 54,25.0,31111.0,8036.0,Plot area 1000(836.13 sq.m.),4,4,3+,2.0,North,Moderately Old,,1000.0,,1,1,1,1,0,0,0
house,independent,sector 105,70.0,5833.0,120007.0,Built Up area: 1200 (111.48 sq.m.),3,2,2,1.0,,Undefined,,1200.0,,0,0,0,0,0,0,0
house,independent,sector 2,40.0,7619.0,52500.0,Carpet area: 525 (48.77 sq.m.),2,2,1,1.0,,Relatively New,,,525.0,0,0,0,0,0,0,0
house,unitech espace,sector 50,7.35,41762.0,1760.0,Plot area 240(200.67 sq.m.),4,4,3+,3.0,South,Moderately Old,,240.0,,0,1,0,1,0,1,52
house,independent,sector 8,82.0,10224.0,80203.0,Carpet area: 802 (74.51 sq.m.),4,4,0,2.0,,Undefined,,,802.0,0,0,0,0,0,0,0
house,international city by sobha phase 2,sector 109,9.4,26111.0,3600.0,Plot area 400(334.45 sq.m.),5,6,3+,2.0,North-East,Relatively New,,3600.0,,1,1,1,1,0,1,147
house,independent,sector 12,65.0,6500.0,100000.0,Carpet area: 1000 (92.9 sq.m.),6,2,3,1.0,,Undefined,,,1000.0,0,0,0,0,0,0,0
house,independent,sector 105,38.0,76000.0,5000.0,Carpet area: 50 (4.65 sq.m.),2,2,2,1.0,,Undefined,,,50.0,0,0,0,0,0,0,0
flat,la lagune,sector 54,6.75,21360.0,3160.1,Super Built up area 3160(293.57 sq.m.)Built Up area: 2455 sq.ft. (228.08 sq.m.)Carpet area: 2240 sq.ft. (208.1 sq.m.),4,6,3+,11.0,East,Moderately Old,3160.0,2455.0,2240.0,0,0,0,0,0,1,119
house,uppal southend,sector 49,6.75,31915.0,2115.0,Plot area 235(196.49 sq.m.),12,12,3+,3.0,West,Moderately Old,,2115.0,,0,0,0,0,1,0,49
house,independent,sector 8,45.0,9000.0,50000.0,Carpet area: 500 (46.45 sq.m.),1,1,1,3.0,East,Undefined,,,500.0,0,0,0,0,0,0,0
house,independent,sector 4,65.0,92857.0,7000.0,Plot area 70(6.5 sq.m.),1,1,1,1.0,South-East,Moderately Old,,70.0,,0,0,0,0,1,0,21
house,independent,sector 105,65.0,9028.0,71998.0,Plot area 80(66.89 sq.m.),3,2,1,1.0,East,Relatively New,,80.0,,0,0,0,1,1,0,14
house,independent,sector 27,8.0,26298.0,3042.0,Plot area 338(282.61 sq.m.),9,9,3,4.0,North-East,Relatively New,,3042.0,,1,1,1,1,0,2,110
house,independent,sector 17,9.5,23457.0,4050.0,Plot area 502(419.74 sq.m.)Built Up area: 500 sq.yards (418.06 sq.m.)Carpet area: 450 sq.yards (376.26 sq.m.),8,8,3,3.0,West,Relatively New,,500.0,450.0,1,0,0,0,0,1,27
house,house number b-34,sector 5,80.0,8888.0,90009.0,Plot area 900(83.61 sq.m.)Built Up area: 900 sq.ft. (83.61 sq.m.),2,2,1,1.0,,Old Property,,900.0,,0,0,0,0,0,0,0
house,unitech escape,sector 50,12.0,37037.0,3240.0,Carpet area: 360 (301.01 sq.m.),5,6,3+,3.0,East,Undefined,,,360.0,0,0,0,0,0,0,66
house,independent,sector 4,85.0,7522.0,113002.0,Built Up area: 1130 (104.98 sq.m.),3,3,0,1.0,,Undefined,,1130.0,,0,0,0,0,0,0,0
house,independent,sector 26,19.0,42222.0,4500.0,Plot area 500(418.06 sq.m.),6,8,3+,3.0,East,Moderately Old,,4500.0,,1,1,1,1,0,1,103
house,suncity essel towers,sector 28,8.95,17900.0,5000.0,Plot area 5000(464.52 sq.m.),5,6,3+,4.0,,Moderately Old,,5000.0,,0,0,0,0,0,0,0
house,independent,sector 26,18.4,1859.0,98978.0,Plot area 502(419.74 sq.m.)Carpet area: 11000 sq.yards (9197.4 sq.m.),6,8,3+,4.0,South,Relatively New,,,11000.0,0,1,1,1,0,1,60
house,independent,sector 7,66.0,12000.0,55000.0,Plot area 550(51.1 sq.m.),3,1,1,3.0,East,Relatively New,,550.0,,0,0,0,0,1,0,22
house,emaar mgf marbella,sector 66,12.0,38095.0,3150.0,Plot area 350(292.64 sq.m.),5,6,3+,4.0,North-East,New Property,,3150.0,,0,1,0,1,0,0,38
house,unitech uniworld resorts,sector 33,9.55,19293.0,4950.0,Plot area 550(459.87 sq.m.),6,7,3+,2.0,East,Relatively New,,4950.0,,1,1,1,1,0,1,126
house,suncity avenue 76,sector 76,75.0,10067.0,74501.0,Plot area 745(69.21 sq.m.)Built Up area: 745 sq.ft. (69.21 sq.m.),2,2,2,11.0,North-East,New Property,,745.0,,0,0,0,0,0,0,40
house,bhawani enclave,sector 12,42.0,8235.0,51002.0,Plot area 565(52.49 sq.m.)Carpet area: 510 sq.ft. (47.38 sq.m.),3,3,0,2.0,East,New Property,,,510.0,0,0,0,1,0,0,0
