property_type,society,sector,price,price_per_sqft,area,areaWithType,bedRoom,bathroom,balcony,floorNum,facing,agePossession,super_built_up_area,built_up_area,carpet_area,study room,servent room,store room,pooja room,others,furnishing_type,luxury_score
flat,paras quartier,sector 59,5.9,11028.0,5350.0,Built Up area: 5350 (497.03 sq.m.),4,4,3+,0.0,,Moderately old,,5350.0,,0,0,0,0,0,0,63
house,sector 15 part 2 rwa,sector 15,10.0,22222.0,4520.84,Plot area 502(419.74 sq.m.),5,5,2,2.0,East,Old Property,,4518.0,,0,0,0,0,0,0,49
flat,.,sector 59,7.0,11000.0,6363.6,Super Built up area 6000(557.42 sq.m.),4,4,3+,6.0,South-West,Relatively New,6000.0,,,0,0,0,0,0,0,52
flat,pioneer araya,sector 62,9.14,19488.0,4690.1,Super Built up area 4690(435.72 sq.m.)Carpet area: 3258 sq.ft. (302.68 sq.m.),4,6,3,16.0,East,Relatively New,4690.0,,3258.0,0,0,0,0,0,2,146
house,international city by sobha phase 1,sector 109,6.0,24691.0,2432.64,Plot area 270(225.75 sq.m.),4,5,3+,2.0,North,Relatively New,,2430.0,,0,1,0,0,0,2,96
house,independent,sector 26,13.5,29880.0,4520.84,Plot area 502(419.74 sq.m.),5,5,3+,2.0,North-East,Relatively New,,4518.0,,1,1,0,1,1,1,49
house,independent,sector 14,5.5,16975.0,3239.93,Plot area 360(301.01 sq.m.)Built Up area: 355 sq.yards (296.83 sq.m.)Carpet area: 300 sq.yards (250.84 sq.m.),5,4,2,2.0,East,Old Property,,355.0,300.0,1,0,0,0,0,0,27
house,dlf city plots phase 2,sector 25,7.5,31686.0,1937.5,Plot area 215(179.77 sq.m.),9,9,3+,4.0,West,Relatively New,,1935.0,,1,1,0,1,0,2,160
house,emaar the palm springs,sector 54,14.0,62222.0,2249.66,Plot area 250(209.03 sq.m.),4,5,3+,2.0,North,Old Property,,2250.0,,1,1,0,0,0,2,160
house,independent,sector 57,6.25,2778.0,27900.03,Plot area 3100(2591.99 sq.m.)Built Up area: 2660 sq.yards (2224.1 sq.m.)Carpet area: 2500 sq.yards (2090.32 sq.m.),9,9,3+,3.0,North-East,New Property,,2660.0,2500.0,0,1,0,0,0,2,61
house,international city by sobha phase 1,sector 109,6.0,9634.0,6232.3,Plot area 692(578.6 sq.m.),4,5,3,2.0,North-East,Moderately old,,6228.0,,0,0,0,0,0,0,76
house,independent,sector 25,9.9,29333.0,3379.86,Plot area 375(313.55 sq.m.),5,5,2,2.0,South-East,Moderately old,,3375.0,,0,0,0,1,0,2,106
house,international city by sobha phase 1,sector 109,5.5,21605.0,2432.64,Plot area 270(225.75 sq.m.),4,4,3+,2.0,North-East,New Property,,2430.0,,0,1,0,0,0,0,61
house,dlf city plots phase 2,sector 25,6.5,33592.0,1937.5,Plot area 215(179.77 sq.m.),9,9,3+,3.0,West,Old Property,,1935.0,,1,1,1,1,0,2,142
house,aindependentt raj estates,sector 63,8.5,27139.0,3132.29,Plot area 348(290.97 sq.m.),6,6,3+,3.0,East,Under Construction,,3132.0,,0,0,1,1,0,0,29
house,independent,sector 28,11.0,33951.0,3239.93,Plot area 360(301.01 sq.m.),13,13,3+,3.0,East,Relatively New,,3240.0,,1,1,0,1,0,1,122
flat,dlf the arbour,sector 63,7.8,19747.0,3950.0,Built Up area: 3950 (366.97 sq.m.),4,4,0,6.0,,Undefined,,3950.0,,0,0,0,0,0,0,61
house,independent,sector 57,8.31,24171.0,3433.68,Plot area 382(319.4 sq.m.),5,6,3+,4.0,North-East,Old Property,,3438.0,,1,1,1,1,0,0,34
flat,dlf the arbour,sector 63,7.52,19000.0,3957.9,Built Up area: 3956 (367.52 sq.m.)Carpet area: 2200 sq.ft. (204.39 sq.m.),4,4,3,15.0,West,Undefined,,3956.0,2200.0,0,0,0,0,0,0,61
house,unitech espace,sector 50,9.8,30247.0,3239.93,Plot area 360(301.01 sq.m.)Built Up area: 300 sq.yards (250.84 sq.m.)Carpet area: 280 sq.yards (234.12 sq.m.),4,4,3,2.0,North-West,Moderately old,,300.0,280.0,0,1,0,0,0,0,22
flat,bptp freedom park life,sector 57,5.5,8982.0,6123.4,Built Up area: 5010 (465.44 sq.m.),5,6,3+,19.0,East,Moderately old,,5010.0,,0,0,0,0,0,2,153
flat,la lagune,sector 54,6.75,21360.0,3160.1,Super Built up area 3160(293.57 sq.m.)Built Up area: 2455 sq.ft. (228.08 sq.m.)Carpet area: 2240 sq.ft. (208.1 sq.m.),4,6,3+,11.0,East,Moderately old,3160.0,2455.0,2240.0,0,0,0,0,0,2,119
house,ireo victory valley,sector 67,8.0,22222.0,3595.14,Plot area 400(334.45 sq.m.),6,7,3+,51.0,North-East,Moderately old,,3600.0,,1,1,0,1,0,2,49
house,nul,sector 25,6.25,34722.0,1797.57,Plot area 200(167.23 sq.m.),5,5,3,2.0,East,Moderately old,,1800.0,,0,1,0,1,0,2,112
house,independent,sector 26,23.0,25556.0,8998.62,Plot area 1000(836.13 sq.m.),4,4,3+,2.0,South-West,Relatively New,,9000.0,,1,1,1,1,0,2,145
house,international city by sobha phase 2,sector 109,7.0,12963.0,5403.48,Plot area 600(501.68 sq.m.),5,6,2,2.0,West,Relatively New,,5400.0,,0,1,0,0,0,0,154
house,independent,sector 56,8.0,9654.0,365.97,Plot area 362(33.63 sq.m.)Built Up area: 8286 sq.ft. (769.79 sq.m.),10,10,3+,4.0,,Relatively New,,8286.0,,1,1,0,1,0,1,107
house,independent,sector 43,5.5,2716.0,1937.5,Plot area 215(179.77 sq.m.)Built Up area: 2850 sq.yards (2382.96 sq.m.)Carpet area: 2250 sq.yards (1881.29 sq.m.),8,7,3+,3.0,East,Moderately old,,2850.0,2250.0,1,1,0,1,1,2,123
house,independent,sector 39,7.0,10000.0,355.21,Plot area 350(32.52 sq.m.)Built Up area: 7000 sq.ft. (650.32 sq.m.),10,11,3+,4.0,South-East,Relatively New,,7000.0,,0,0,0,1,0,2,38
flat,dlf the grove,sector 43,6.0,25000.0,2400.0,Carpet area: 2400 (222.97 sq.m.),4,4,2,1.0,South-West,Undefined,,,2400.0,0,0,0,0,0,2,49
house,independent,sector 46,6.81,36911.0,1840.63,Plot area 205(171.41 sq.m.),12,14,3+,1.0,East,New Property,,1845.0,,0,1,0,0,1,2,40
house,independent,sector 48,8.4,25926.0,3239.93,Plot area 360(301.01 sq.m.),4,4,3,2.0,,Old Property,,3240.0,,0,1,0,1,0,2,15
house,vipul tatvam villa,sector 48,8.4,21000.0,4004.17,Plot area 4000(371.61 sq.m.),4,5,3+,2.0,North,Moderately old,,4000.0,,1,1,0,1,0,2,49
flat,central park resorts,sector 48,11.25,28266.0,3980.0,Carpet area: 3980 (369.75 sq.m.),4,5,3+,2.0,North-West,Relatively New,,,3980.0,0,0,0,0,0,0,45
house,ardee city,sector 52,5.5,183333.0,301.39,Plot area 300(27.87 sq.m.),9,9,3+,3.0,South,Moderately old,,300.0,,0,1,0,1,1,2,26
house,independent,sector 26,5.8,32222.0,1797.57,Plot area 200(167.23 sq.m.),5,5,3+,2.0,North,Old Property,,1800.0,,1,1,1,1,0,0,53
house,independent,sector 56,11.95,43534.0,2744.79,Plot area 305(255.02 sq.m.),12,12,3+,4.0,West,Relatively New,,2745.0,,0,1,0,0,0,2,21
house,unitech espace,sector 50,7.35,41762.0,2163.54,Plot area 240(200.67 sq.m.),4,4,3+,3.0,South,Moderately old,,2160.0,,0,1,0,1,0,2,52
house,dlf city plots,sector 26,12.5,38580.0,3239.93,Plot area 360(301.01 sq.m.),4,5,2,2.0,North-East,Moderately old,,3240.0,,1,1,0,0,0,2,121
house,dlf city plots,sector 26,17.3,38734.0,4520.84,Plot area 502(419.74 sq.m.),6,7,3+,3.0,North,New Property,,4518.0,,1,1,1,1,0,2,124
flat,mm golfestate,sector 65,13.2,12000.0,11000.0,Carpet area: 11000 (1021.93 sq.m.),4,4,3,13.0,North,Moderately old,,,11000.0,0,0,0,0,0,0,60
house,international city by sobha phase 2,sector 109,6.8,12593.0,5403.48,Plot area 600(501.68 sq.m.),4,5,3,2.0,North-West,Relatively New,,5400.0,,0,1,0,0,0,0,49
house,independent,sector 25,6.6,36667.0,1797.57,Plot area 200(167.23 sq.m.),6,7,3+,2.0,East,Moderately old,,1800.0,,1,1,0,0,0,2,119
house,vipul tatvam villa,sector 48,19.5,22222.0,8772.58,Plot area 975(815.22 sq.m.),5,6,3,2.0,North,Moderately old,,8775.0,,1,1,1,1,0,2,110
house,independent,sector 26,8.1,35294.0,2292.71,Plot area 255(213.21 sq.m.),5,5,2,4.0,East,Old Property,,2295.0,,0,0,0,0,0,0,42
flat,dlf the belaire,sector 54,10.0,24557.0,4072.2,Super Built up area 4072(378.3 sq.m.)Built Up area: 3000 sq.ft. (278.71 sq.m.)Carpet area: 2800 sq.ft. (260.13 sq.m.),4,5,3+,17.0,North,Moderately old,4072.0,3000.0,2800.0,0,0,0,0,0,1,167
house,emaar mgf marbella,sector 66,11.0,33951.0,3239.93,Plot area 360(301.01 sq.m.),5,6,3+,2.0,North-East,New Property,,3240.0,,1,1,1,1,0,2,153
house,unitech escape,sector 50,10.8,60000.0,2604.86,Plot area 290(242.48 sq.m.)Built Up area: 250 sq.yards (209.03 sq.m.)Carpet area: 200 sq.yards (167.23 sq.m.),4,4,3,2.0,North,Relatively New,,250.0,200.0,1,1,1,1,0,2,103
flat,suncity platinum towers,sector 28,6.0,22346.0,2685.0,Carpet area: 2685 (249.44 sq.m.),3,3,2,8.0,South-East,Moderately old,,,2685.0,0,0,0,0,0,0,31
house,vipul tatvam villa,sector 48,8.5,26235.0,3239.93,Plot area 360(301.01 sq.m.),4,4,2,1.0,East,Moderately old,,3240.0,,0,1,1,1,0,0,88
house,independent,sector 26,5.8,12837.0,4520.84,Plot area 502(419.74 sq.m.),4,4,3+,4.0,,Old Property,,4518.0,,0,0,0,0,0,0,38
house,dlf city plots,sector 26,17.0,37627.0,4520.84,Plot area 502(419.74 sq.m.),5,6,3,2.0,North-West,Old Property,,4518.0,,0,1,1,1,0,2,87
flat,ambience caitriona,sector 24,14.0,200000.0,700.0,Built Up area: 700 (65.03 sq.m.),4,5,3,3.0,East,Undefined,,700.0,,0,0,0,0,0,0,0
house,independent,sector 24,11.0,28898.0,3810.42,Plot area 3806.45(353.63 sq.m.)Built Up area: 5000 sq.ft. (464.52 sq.m.),8,11,3+,3.0,East,Old Property,,5000.0,,1,1,0,1,1,2,39
house,independent,sector 26,17.0,37627.0,4520.84,Plot area 502(419.74 sq.m.),5,5,3+,2.0,North-East,Relatively New,,4518.0,,1,1,1,1,0,2,124
house,independent,sector 50,6.5,21667.0,3003.13,Built Up area: 3000 (278.71 sq.m.),5,6,0,1.0,,Undefined,,3000.0,,0,0,0,0,0,0,0
house,independent,sector 26,6.75,27778.0,2432.64,Plot area 270(225.75 sq.m.),3,3,3,2.0,North-East,Moderately old,,2430.0,,0,0,0,0,0,0,27
house,experion windchants,sector 112,7.99,12519.0,6382.99,Built Up area: 6382 (592.91 sq.m.),4,6,3,2.0,South-East,New Property,,6382.0,,0,1,1,1,0,2,129
house,international city by sobha phase 2,sector 109,5.65,10463.0,5403.48,Plot area 600(501.68 sq.m.),4,4,3+,2.0,North-East,New Property,,5400.0,,0,1,0,0,1,2,44
house,unitech espace,sector 50,7.45,34491.0,2163.54,Plot area 240(200.67 sq.m.)Built Up area: 4500 sq.yards (3762.57 sq.m.)Carpet area: 4000 sq.yards (3344.51 sq.m.),4,4,3,3.0,,Old Property,,4500.0,4000.0,0,1,0,0,0,2,59
house,independent,sector 26,9.0,33333.0,2701.74,Plot area 300(250.84 sq.m.),5,5,2,3.0,South-West,Old Property,,2700.0,,1,1,1,1,0,1,110
flat,central park resorts,sector 48,9.3,24926.0,3731.0,Super Built up area 3931(365.2 sq.m.)Built Up area: 3831 sq.ft. (355.91 sq.m.)Carpet area: 3731 sq.ft. (346.62 sq.m.),4,4,3+,10.0,North-East,Moderately old,3931.0,3831.0,3731.0,0,0,0,0,0,2,67
flat,vipul belmonte,sector 53,6.5,21922.0,2965.1,Super Built up area 2965(275.46 sq.m.),3,4,3+,0.0,,Old Property,2965.0,,,0,0,0,0,0,0,72
house,independent,sector 43,9.85,29638.0,3767.36,Plot area 418(349.5 sq.m.),5,5,2,3.0,West,Old Property,,3762.0,,1,1,0,1,0,0,21
house,unitech nirvana birch court,sector 50,7.1,283333.0,236.81,Plot area 240(22.3 sq.m.),3,3,3,1.0,East,Moderately old,,240.0,,0,1,0,0,0,0,49
house,international city by sobha phase 2,sector 109,6.2,25514.0,2432.64,Plot area 270(225.75 sq.m.),5,5,2,2.0,South-West,Relatively New,,2430.0,,0,1,0,0,0,0,135
house,independent,sector 39,15.0,33333.0,4499.31,Plot area 500(418.06 sq.m.),5,5,3+,4.0,,Moderately old,,4500.0,,0,1,0,0,0,2,27
house,dlf city plots phase 2,sector 25,10.0,400000.0,247.57,Plot area 250(23.23 sq.m.),12,12,3+,4.0,North,Relatively New,,250.0,,1,1,0,0,0,2,114
house,independent,sector 43,9.5,42222.0,2723.27,Plot area 302(252.51 sq.m.)Built Up area: 300 sq.yards (250.84 sq.m.)Carpet area: 250 sq.yards (209.03 sq.m.),5,5,3+,2.0,North-East,Relatively New,,300.0,250.0,0,1,0,1,0,2,88
flat,tata primanti,sector 72,6.5,15294.0,4250.0,Super Built up area 4250(394.84 sq.m.),4,4,3+,0.0,East,Relatively New,4250.0,,,0,0,0,0,0,0,67
flat,mm golfestate,sector 65,6.15,15998.0,3844.2,Carpet area: 3844 (357.12 sq.m.),3,5,3+,1.0,West,Relatively New,,,3844.0,0,0,0,0,0,1,49
house,dlf city plots,sector 26,18.0,39841.0,4520.84,Plot area 502(419.74 sq.m.),6,6,2,3.0,North,Old Property,,4518.0,,0,1,0,1,1,2,49
flat,central park resorts,sector 48,15.0,22388.0,6700.0,Carpet area: 6700 (622.45 sq.m.),5,6,3+,17.0,,Relatively New,,,6700.0,0,0,0,0,0,1,45
flat,central park resort belgravia residences,sector 48,6.25,24300.0,2572.0,Carpet area: 2880 (267.56 sq.m.),3,5,3+,5.0,South-East,Moderately old,,,2880.0,0,0,0,0,0,2,49
house,independent,sector 26,6.0,33333.0,1797.57,Plot area 200(167.23 sq.m.),8,5,3+,3.0,,Old Property,,1800.0,,0,0,0,0,0,2,9
flat,lagoon apartment,sector 24,6.0,13636.0,4400.1,Carpet area: 4400 (408.77 sq.m.),4,6,3+,7.0,,Moderately old,,,4400.0,0,0,0,0,0,0,0
house,ss aaron ville,sector 49,6.5,18808.0,3455.21,Plot area 384(321.07 sq.m.),5,5,2,2.0,North-East,Relatively New,,3456.0,,1,1,0,1,0,2,28
flat,dlf the crest,sector 54,11.0,35222.0,3123.0,Super Built up area 3123(290.14 sq.m.),4,6,3,7.0,,Relatively New,3123.0,,,0,0,0,0,0,1,125
house,independent,sector 41,11.0,33951.0,3239.93,Plot area 360(301.01 sq.m.),4,4,2,3.0,East,New Property,,3240.0,,1,1,0,1,0,0,35
house,dlf city plots phase 2,sector 25,15.5,34307.0,4520.84,Plot area 502(419.74 sq.m.),5,6,3+,3.0,East,Moderately old,,4518.0,,1,1,1,1,0,0,144
house,independent,sector 56,11.5,42032.0,2734.03,Plot area 304(254.18 sq.m.),12,13,3+,4.0,West,Relatively New,,2736.0,,1,1,0,1,0,2,49
house,emaar mgf marbella,sector 66,9.0,21251.0,5607.99,Plot area 5605(520.72 sq.m.)Built Up area: 5200 sq.ft. (483.1 sq.m.)Carpet area: 4235 sq.ft. (393.44 sq.m.),4,4,3+,1.0,South-West,Relatively New,,5200.0,4235.0,0,1,1,1,0,2,114
flat,experion windchants,sector 112,5.49,11584.0,4739.3,Super Built up area 4739(440.27 sq.m.)Built Up area: 3655.35 sq.ft. (339.59 sq.m.),4,5,3+,5.0,South,Relatively New,4739.0,3655.35,,0,0,0,0,0,2,168
house,independent,sector 45,16.0,35000.0,4499.31,Plot area 500(418.06 sq.m.),6,7,3+,3.0,East,Relatively New,,4500.0,,1,1,1,1,0,2,105
house,independent,sector 46,5.5,23061.0,2389.59,Plot area 265(221.57 sq.m.),8,8,3+,3.0,,Moderately old,,2385.0,,1,0,0,0,1,2,32
flat,suncity platinum towers,sector 28,7.0,22222.0,3150.0,Super Built up area 3150(292.64 sq.m.)Carpet area: 1913 sq.ft. (177.72 sq.m.),4,3,2,10.0,North,Moderately old,3150.0,,1913.0,0,0,0,0,0,0,31
house,unitech deerwood chase,sector 50,8.45,235376.0,355.21,Plot area 359(33.35 sq.m.),3,3,2,2.0,North-East,Old Property,,359.0,,1,1,0,0,0,2,102
flat,conscient elevate,sector 59,6.75,19882.0,3395.0,Super Built up area 3395(315.41 sq.m.)Carpet area: 1855 sq.ft. (172.34 sq.m.),4,4,2,10.0,,New Property,3395.0,,1855.0,0,0,0,0,0,0,31
house,emaar mgf marbella,sector 66,8.8,41615.0,2400.35,Built Up area: 267 (223.25 sq.m.),4,4,3+,3.0,South-East,Relatively New,,267.0,,0,1,1,1,0,0,107
house,international city by sobha phase 2,sector 109,6.25,10035.0,6232.3,Plot area 692(578.6 sq.m.),5,7,3+,3.0,North-East,Relatively New,,6228.0,,1,1,1,1,0,0,147
house,independent,sector 56,7.5,23148.0,3239.93,Plot area 360(301.01 sq.m.),8,8,3+,3.0,North-East,Relatively New,,3240.0,,1,1,0,1,0,1,42
house,tata primanti,sector 72,8.6,12285.0,6996.54,Built Up area: 7000 (650.32 sq.m.),4,5,3+,3.0,,Relatively New,,7000.0,,0,0,0,0,0,2,30
flat,mm golfestate,sector 65,6.15,18287.0,3363.0,Super Built up area 3363(312.43 sq.m.)Carpet area: 2710 sq.ft. (251.77 sq.m.),3,3,3,23.0,,Moderately old,3363.0,,2710.0,0,0,0,0,0,2,60
house,vipul tatvam villa,sector 48,8.5,26235.0,3239.93,Plot area 360(301.01 sq.m.),4,6,3,3.0,North,Old Property,,3240.0,,0,1,0,1,1,0,49
house,dlf city plots phase 2,sector 25,10.75,29861.0,3595.14,Plot area 400(334.45 sq.m.),9,9,3+,3.0,South-West,Old Property,,3600.0,,0,1,1,1,0,0,73
house,international city by sobha phase 2,sector 109,9.5,26389.0,3595.14,Plot area 400(334.45 sq.m.),5,5,3+,2.0,South,Relatively New,,3600.0,,1,1,1,1,0,0,133
house,international city by sobha phase 1,sector 109,6.15,27333.0,2432.64,Plot area 270(225.75 sq.m.)Built Up area: 270 sq.yards (225.75 sq.m.)Carpet area: 250 sq.yards (209.03 sq.m.),5,5,3+,3.0,West,Relatively New,,270.0,250.0,0,1,1,1,0,2,130
house,independent,sector 31,9.25,39530.0,2389.59,Plot area 265(221.57 sq.m.)Built Up area: 262 sq.yards (219.07 sq.m.)Carpet area: 260 sq.yards (217.39 sq.m.),12,12,3+,4.0,North-East,New Property,,262.0,260.0,0,1,0,1,1,1,49
house,sector 14 rwa,sector 14,6.5,26000.0,2497.22,Plot area 2500(232.26 sq.m.),5,5,0,4.0,,Moderately old,,2500.0,,0,0,0,0,0,0,0
house,dlf city plots phase 2,sector 25,6.3,35000.0,1797.57,Plot area 200(167.23 sq.m.),4,4,3+,2.0,East,Old Property,,1800.0,,0,1,1,0,0,0,89
house,sector 14 rwa,sector 14,6.5,20635.0,3153.82,Plot area 350(292.64 sq.m.),4,4,3+,2.0,,Moderately old,,3150.0,,0,0,0,0,0,0,0
house,manohar nagar,sector 11,5.6,12444.0,4499.31,Plot area 500(418.06 sq.m.)Built Up area: 500 sq.yards (418.06 sq.m.),34,34,3+,4.0,,New Property,,500.0,,0,0,0,0,0,2,0
house,independent,sector 43,7.5,38760.0,1937.5,Plot area 215(179.77 sq.m.),12,12,3+,4.0,East,New Property,,1935.0,,1,1,1,1,0,2,72
house,vipul tatvam villa,sector 48,6.4,24691.0,2594.1,Plot area 288(240.8 sq.m.)Built Up area: 240 sq.yards (200.67 sq.m.)Carpet area: 200 sq.yards (167.23 sq.m.),3,4,3,2.0,North,Relatively New,,240.0,200.0,1,1,1,0,0,2,148
flat,ambience creacions,sector 22,6.16,20533.0,3000.0,Carpet area: 3000 (278.71 sq.m.),4,5,3+,10.0,South-East,New Property,,,3000.0,0,0,0,0,0,2,49
house,emaar emerald hills,sector 65,12.5,34722.0,3595.14,Plot area 400(334.45 sq.m.),4,4,3+,2.0,East,Relatively New,,3600.0,,1,1,0,0,0,0,56
house,ansal sushant lok plots,sector 43,11.5,17692.0,3767.36,Plot area 3762(349.5 sq.m.)Built Up area: 9000 sq.ft. (836.13 sq.m.)Carpet area: 6500 sq.ft. (603.87 sq.m.),7,8,3+,3.0,,Old Property,,9000.0,6500.0,0,1,1,1,0,2,31
house,eldeco mansionz,sector 48,6.4,23704.0,3282.99,Plot area 365(305.19 sq.m.)Built Up area: 366 sq.yards (306.02 sq.m.),4,4,3,3.0,West,Moderately old,,366.0,,0,1,1,0,0,2,151
house,independent,sector 2,5.7,22634.0,2432.64,Plot area 270(225.75 sq.m.),9,9,3+,3.0,North-East,Moderately old,,2430.0,,0,0,0,1,0,2,0
house,independent,sector 43,13.5,50000.0,2701.74,Plot area 300(250.84 sq.m.),16,16,3+,4.0,North-West,Relatively New,,2700.0,,1,1,0,1,1,0,41
house,suncity township,sector 54,25.0,31111.0,8998.62,Plot area 1000(836.13 sq.m.),4,4,3+,2.0,North,Moderately old,,9000.0,,1,1,1,1,0,0,0
house,project housing board colony,sector 31,8.0,63492.0,1259.38,Built Up area: 140 (117.06 sq.m.),2,1,0,1.0,,Undefined,,140.0,,0,0,0,0,0,0,0
house,independent,sector 43,14.0,39886.0,3509.03,Plot area 390(326.09 sq.m.),9,9,3+,4.0,North,Moderately old,,3510.0,,0,1,0,0,0,0,7
house,emaar mgf marbella,sector 66,12.0,38095.0,3153.82,Plot area 350(292.64 sq.m.),5,6,3+,4.0,North-East,New Property,,3150.0,,0,1,0,1,0,0,38
house,ansals florence villa,sector 57,6.0,22222.0,2701.74,Plot area 300(250.84 sq.m.),4,5,2,2.0,,Old Property,,2700.0,,0,1,0,1,0,2,20
house,independent,sector 26,18.0,39841.0,4520.84,Plot area 502(419.74 sq.m.),5,4,3+,4.0,North,Moderately old,,4518.0,,1,1,1,1,0,2,113
house,independent,sector 50,12.5,40611.0,3078.48,Plot area 342(285.96 sq.m.),6,5,3,4.0,East,Moderately old,,3078.0,,1,1,0,1,0,2,23
house,ss aaron ville,sector 49,6.75,19737.0,3422.92,Plot area 380(317.73 sq.m.),5,4,2,2.0,North,Old Property,,3420.0,,1,1,1,0,0,0,78
flat,unitech vistas,sector 70,9.0,57507.0,1565.0,Built Up area: 1565 (145.39 sq.m.),3,3,0,7.0,,Undefined,,1565.0,,0,0,0,0,0,0,0
flat,parsvnath exotica,sector 53,6.5,19174.0,3390.0,Super Built up area 3390(314.94 sq.m.)Built Up area: 3000 sq.ft. (278.71 sq.m.)Carpet area: 2500 sq.ft. (232.26 sq.m.),4,5,3+,10.0,South,Relatively New,3390.0,3000.0,2500.0,0,0,0,0,0,2,174
house,independent,sector 23,5.5,21825.0,2518.75,Plot area 280(234.12 sq.m.),8,8,2,3.0,East,Moderately old,,2520.0,,1,1,0,1,0,2,76
flat,pioneer araya,sector 62,9.95,20995.0,4739.2,Super Built up area 4739(440.27 sq.m.)Carpet area: 3219 sq.ft. (299.05 sq.m.),4,6,3,12.0,South-East,Relatively New,4739.0,,3219.0,0,0,0,0,0,2,138
house,unitech nirvana birch court,sector 50,6.8,31481.0,2163.54,Plot area 240(200.67 sq.m.),4,4,3+,2.0,South-East,Old Property,,2160.0,,1,1,0,1,0,0,105
house,international city by sobha phase 1,sector 109,6.3,9000.0,6996.54,Built Up area: 7000 (650.32 sq.m.)Carpet area: 4500 sq.ft. (418.06 sq.m.),4,5,3+,2.0,West,Relatively New,,7000.0,4500.0,0,0,0,0,0,2,122
house,unitech espace,sector 50,10.45,32253.0,3239.93,Plot area 360(301.01 sq.m.),5,7,3+,3.0,,Moderately old,,3240.0,,1,1,0,1,1,2,153
flat,tulip monsella,sector 53,7.4,33198.0,2229.0,Carpet area: 2229 (207.08 sq.m.),4,4,3,21.0,,Undefined,,,2229.0,0,0,0,0,0,0,35
house,uppal southend,sector 49,6.75,290948.0,236.81,Plot area 232(21.55 sq.m.),12,12,3+,1.0,West,Moderately old,,232.0,,1,1,0,1,1,2,49
house,nirvana cedar crest,sector 50,7.1,32870.0,2163.54,Plot area 240(200.67 sq.m.)Built Up area: 239 sq.yards (199.83 sq.m.)Carpet area: 238 sq.yards (199 sq.m.),5,4,3,2.0,East,Moderately old,,239.0,238.0,1,0,1,1,0,2,110
house,satya the legend,sector 57,9.25,16577.0,5780.21,Plot area 642(536.79 sq.m.)Built Up area: 630 sq.yards (526.76 sq.m.)Carpet area: 620 sq.yards (518.4 sq.m.),5,5,3+,4.0,North-East,Relatively New,,630.0,620.0,1,1,1,1,0,2,160
house,independent,sector 57,6.95,38611.0,1732.99,Plot area 192(160.54 sq.m.),12,12,3+,4.0,East,New Property,,1728.0,,0,1,1,0,0,2,73
flat,mm golfestate,sector 65,5.9,17484.0,3374.5,Super Built up area 3363(312.43 sq.m.),3,3,3,18.0,North,Relatively New,3363.0,,,0,0,0,0,0,0,76
flat,the penthouses at the hibiscus,sector 50,8.5,8500.0,10000.0,Carpet area: 10000 (929.03 sq.m.),4,4,3,9.0,South-East,Moderately old,,,10000.0,0,0,0,0,0,0,35
house,independent,sector 26,10.5,43210.0,2723.27,Plot area 302(252.51 sq.m.)Built Up area: 300 sq.yards (250.84 sq.m.)Carpet area: 270 sq.yards (225.75 sq.m.),12,12,3+,4.0,North-East,Relatively New,,300.0,270.0,0,1,0,1,0,2,72
house,independent,sector 13,9.0,100000.0,904.17,Plot area 900(83.61 sq.m.),10,5,3+,4.0,,Old Property,,900.0,,0,0,0,0,0,0,0
house,independent,sector 17,8.5,18814.0,4520.84,Plot area 502(419.74 sq.m.)Built Up area: 500 sq.yards (418.06 sq.m.)Carpet area: 400 sq.yards (334.45 sq.m.),4,4,2,2.0,West,Old Property,,500.0,400.0,1,1,0,1,0,2,21
flat,mahindra luminare,sector 59,5.5,18181.0,3025.1,Super Built up area 3025(281.03 sq.m.),3,3,1,26.0,,Undefined,3025.0,,,0,0,0,0,0,0,24
house,luxury dlf city floors,sector 26,8.25,45833.0,1797.57,Plot area 200(167.23 sq.m.),12,12,3+,4.0,North,New Property,,1800.0,,0,1,0,0,0,2,105
house,independent,sector 7,6.5,15046.0,4316.32,Plot area 480(401.34 sq.m.),3,2,3+,1.0,,Old Property,,4320.0,,0,0,0,0,0,0,9
flat,experion windchants,sector 112,5.6,11529.0,4857.3,Super Built up area 4857(451.23 sq.m.)Built Up area: 3662.34 sq.ft. (340.24 sq.m.),4,6,3+,15.0,North-East,Moderately old,4857.0,3662.34,,0,0,0,0,0,2,157
flat,dlf the crest,sector 54,11.0,35483.0,3100.1,Carpet area: 3100 (288 sq.m.),4,5,3+,7.0,North-East,Relatively New,,,3100.0,0,0,0,0,0,0,49
house,independent,sector 17,9.5,23457.0,4520.84,Plot area 502(419.74 sq.m.)Built Up area: 500 sq.yards (418.06 sq.m.)Carpet area: 450 sq.yards (376.26 sq.m.),8,8,3,3.0,West,Relatively New,,500.0,450.0,1,0,0,0,0,2,27
house,independent,sector 28,9.0,27778.0,3239.93,Plot area 360(301.01 sq.m.),6,7,3+,3.0,North,Moderately old,,3240.0,,1,1,1,1,0,0,67
house,vipul tatvam villa,sector 48,8.5,21250.0,4004.17,Plot area 4000(371.61 sq.m.),4,5,3+,2.0,North,Moderately old,,4000.0,,1,1,0,1,1,2,49
house,independent,sector 26,15.0,33333.0,4499.31,Built Up area: 4500 (418.06 sq.m.),4,4,3,3.0,,Moderately old,,4500.0,,0,1,1,0,0,2,36
house,independent,sector 25,9.0,33333.0,2701.74,Plot area 300(250.84 sq.m.),5,5,3,3.0,North,Old Property,,2700.0,,1,1,1,1,0,0,56
house,floor wise designer kothi,sector 25,13.0,48148.0,2701.74,Plot area 300(250.84 sq.m.),12,16,3+,4.0,North-East,New Property,,2700.0,,1,1,1,1,0,2,144
house,independent,sector 25,13.5,37313.0,3616.67,Plot area 402(336.12 sq.m.),5,6,3+,4.0,North-East,Old Property,,3618.0,,0,0,0,0,1,2,79
house,dlf city plots,sector 26,13.5,29880.0,4520.84,Plot area 502(419.74 sq.m.),5,5,2,2.0,East,Moderately old,,4518.0,,1,1,0,0,1,2,104
house,emaar mgf marbella,sector 66,12.0,37037.0,3239.93,Plot area 360(301.01 sq.m.),4,4,3+,3.0,East,Relatively New,,3240.0,,1,1,1,1,0,2,160
house,unitech uniworld resorts,sector 33,10.0,181818.0,548.96,Plot area 550(51.1 sq.m.),5,6,3,4.0,North-East,New Property,,550.0,,1,1,0,0,0,0,26
house,independent,sector 25,7.6,38760.0,1937.5,Plot area 215(179.77 sq.m.),9,9,3,4.0,East,Relatively New,,1935.0,,1,0,1,1,0,2,84
house,independent,sector 25,7.3,1560.0,1937.5,Plot area 215(179.77 sq.m.)Built Up area: 5800 sq.yards (4849.54 sq.m.)Carpet area: 5200 sq.yards (4347.86 sq.m.),9,9,2,3.0,North-West,Relatively New,,5800.0,5200.0,0,1,1,0,0,2,109
house,international city by sobha phase 1,sector 109,6.0,24691.0,2432.64,Plot area 270(225.75 sq.m.),4,4,3+,2.0,North-East,Relatively New,,2430.0,,1,1,1,1,0,0,160
house,vipul tatvam villa,sector 48,7.65,19125.0,4004.17,Built Up area: 4000 (371.61 sq.m.),4,4,3,2.0,North-East,Moderately old,,4000.0,,1,1,0,0,1,0,49
house,independent,sector 24,10.0,229885.0,430.56,Carpet area: 435 (40.41 sq.m.),8,10,3+,1.0,West,Undefined,,,435.0,0,0,0,0,0,0,0
house,independent,sector 50,11.58,35741.0,3239.93,Plot area 360(301.01 sq.m.),5,5,3,2.0,,Moderately old,,3240.0,,0,1,0,0,0,0,20
flat,raheja atlantis,sector 31,5.5,18688.0,2943.1,Super Built up area 2943(273.41 sq.m.),4,5,3+,1.0,North,Relatively New,2943.0,,,0,0,0,0,0,0,81
house,unitech nirvana birch court,sector 50,11.95,36883.0,3239.93,Plot area 360(301.01 sq.m.),3,3,2,1.0,West,Moderately old,,3240.0,,1,1,0,0,0,0,101
house,godrej meridien,sector 106,5.6,14000.0,4004.17,Plot area 4000(371.61 sq.m.),5,4,3+,33.0,North-East,New Property,,4000.0,,1,1,1,1,0,0,151
house,adani brahma samsara,sector 60,18.02,28200.0,6393.76,Built Up area: 6390 (593.65 sq.m.),9,12,3+,3.0,North-East,Relatively New,,6390.0,,0,1,0,0,0,2,146
house,independent,sector 45,8.5,26235.0,3239.93,Plot area 360(301.01 sq.m.),5,4,2,1.0,North-East,Moderately old,,3240.0,,0,1,0,1,0,2,49
house,international city by sobha phase 2,sector 109,11.25,25000.0,4499.31,Plot area 500(418.06 sq.m.),7,5,3+,4.0,North-East,Relatively New,,4500.0,,1,1,0,1,0,0,42
house,nul,sector 25,15.0,23437.0,6404.52,Built Up area: 6400 (594.58 sq.m.),5,5,3,2.0,West,Moderately old,,6400.0,,1,1,0,1,0,2,112
house,independent,sector 25,13.0,45710.0,2841.67,Plot area 316(264.22 sq.m.),6,8,3+,1.0,,Relatively New,,2844.0,,1,1,1,1,0,1,0
house,vatika india next,sector 82,7.0,194444.0,355.21,Plot area 360(33.45 sq.m.)Built Up area: 3900 sq.ft. (362.32 sq.m.)Carpet area: 3743 sq.ft. (347.74 sq.m.),4,4,3+,3.0,North-East,Relatively New,,3900.0,3743.0,0,1,0,0,0,1,105
house,unitech espace,sector 50,7.5,34722.0,2163.54,Plot area 240(200.67 sq.m.)Built Up area: 241 sq.yards (201.51 sq.m.)Carpet area: 240 sq.yards (200.67 sq.m.),3,3,2,2.0,West,Moderately old,,241.0,240.0,0,1,0,0,0,2,66
house,emaar mgf marbella,sector 66,12.0,38095.0,3153.82,Plot area 350(292.64 sq.m.),5,6,3+,3.0,North-East,Relatively New,,3150.0,,0,1,1,0,0,2,153
house,independent,sector 56,12.39,45889.0,2701.74,Plot area 300(250.84 sq.m.),16,18,3+,4.0,North-East,New Property,,2700.0,,0,1,0,1,0,2,49
house,dlf city plots phase 2,sector 25,10.5,261194.0,398.26,Plot area 402(37.35 sq.m.),4,4,2,2.0,East,Old Property,,402.0,,0,1,0,1,0,2,91
house,vipul tatvam villa,sector 48,8.25,38194.0,3153.82,Plot area 350(292.64 sq.m.)Built Up area: 300 sq.yards (250.84 sq.m.)Carpet area: 240 sq.yards (200.67 sq.m.),4,4,3+,3.0,North-East,Relatively New,,300.0,240.0,0,1,1,0,0,2,160
flat,dlf the grove,sector 54,5.7,41245.0,1382.0,Built Up area: 1382 (128.39 sq.m.),3,3,3,1.0,East,Undefined,,1382.0,,0,0,0,0,0,0,46
house,independent,sector 43,5.5,28424.0,1937.5,Plot area 215(179.77 sq.m.),1,1,0,1.0,South-West,Old Property,,1935.0,,0,0,0,0,1,0,12
flat,experion windchants,sector 112,6.5,10416.0,6240.4,Built Up area: 4800 (445.93 sq.m.),4,5,3,11.0,South,Relatively New,,4800.0,,0,0,0,0,0,0,55
house,vipul tatvam villa,sector 48,8.2,25309.0,3239.93,Plot area 360(301.01 sq.m.),3,3,2,2.0,North,Moderately old,,3240.0,,1,1,0,1,0,1,160
flat,tata primanti,sector 72,6.75,19285.0,3500.1,Super Built up area 4250(394.84 sq.m.)Built Up area: 4000 sq.ft. (371.61 sq.m.)Carpet area: 3500 sq.ft. (325.16 sq.m.),4,4,3+,0.0,North-East,New Property,4250.0,4000.0,3500.0,0,0,0,0,0,2,174
house,independent,sector 46,6.5,27461.0,2368.06,Plot area 263(219.9 sq.m.),12,12,3+,4.0,North-West,Relatively New,,2367.0,,1,0,0,1,0,2,32
house,independent,sector 25,16.0,26667.0,5995.49,Built Up area: 6000 (557.42 sq.m.),6,5,2,3.0,East,Relatively New,,6000.0,,0,0,0,0,0,0,0
flat,dlf beverly park,sector 25,8.0,15384.0,5200.2,Carpet area: 5200 (483.1 sq.m.),5,5,3+,2.0,North-East,Old Property,,,5200.0,0,0,0,0,0,1,26
house,independent,sector 23,5.65,17706.0,3078.48,Plot area 342(285.96 sq.m.)Built Up area: 5000 sq.yards (4180.64 sq.m.)Carpet area: 4000 sq.yards (3344.51 sq.m.),7,7,3+,2.0,West,Moderately old,,5000.0,4000.0,0,1,0,1,0,0,68
house,independent,sector 45,7.35,29697.0,2475.7,Plot area 275(229.94 sq.m.),6,4,3+,3.0,North-East,Old Property,,2475.0,,1,1,1,1,0,2,61
house,independent,sector 26,5.6,30556.0,1797.57,Plot area 200(167.23 sq.m.),4,3,3+,3.0,South-West,Moderately old,,1800.0,,0,0,0,0,0,0,33
house,eldeco mansionz,sector 48,6.0,22222.0,2701.74,Plot area 300(250.84 sq.m.),4,4,3+,2.0,East,Moderately old,,2700.0,,0,1,0,0,0,0,69
flat,tulip monsella,sector 53,6.02,20816.0,2892.0,Built Up area: 2892 (268.68 sq.m.),3,3,3,29.0,,Undefined,,2892.0,,0,0,0,0,0,0,68
house,independent,sector 26,15.0,33200.0,4520.84,Plot area 502(419.74 sq.m.),5,6,3+,3.0,North,Moderately old,,4518.0,,1,1,1,1,0,2,78
house,unitech palms south city 1,sector 41,9.25,28549.0,3239.93,Plot area 3240(301.01 sq.m.)Built Up area: 5000 sq.ft. (464.52 sq.m.)Carpet area: 4500 sq.ft. (418.06 sq.m.),9,9,3+,4.0,North,Moderately old,,5000.0,4500.0,1,1,1,1,0,2,65
flat,paras quartier,sector 59,7.5,14018.0,5350.3,Super Built up area 5350(497.03 sq.m.),4,4,3+,20.0,North-East,New Property,5350.0,,,0,0,0,0,0,2,49
house,independent,sector 26,5.8,32222.0,1797.57,Plot area 200(167.23 sq.m.),4,3,2,2.0,East,Relatively New,,1800.0,,0,0,1,0,0,0,21
house,arjun marg/ sector- 26 phase- 1/ golf course road,sector 26,31.5,35000.0,8998.62,Plot area 1000(836.13 sq.m.),7,9,3+,3.0,North-East,Moderately old,,9000.0,,1,1,1,1,0,1,74
flat,dlf the icon,sector 43,6.0,26086.0,2300.1,Carpet area: 2300 (213.68 sq.m.),4,4,3+,18.0,North-East,Old Property,,,2300.0,0,0,0,0,0,2,150
house,bptp visionnaire,sector 70,6.0,22222.0,2701.74,Plot area 300(250.84 sq.m.),5,4,3,3.0,North-East,New Property,,2700.0,,1,0,0,0,0,0,40
house,vatika india next,sector 82,6.8,20988.0,3239.93,Plot area 360(301.01 sq.m.),4,4,3+,3.0,North-East,Relatively New,,3240.0,,0,1,0,0,0,1,110
house,dlf alameda,sector 73,17.0,35109.0,4843.76,Plot area 4842(449.84 sq.m.)Built Up area: 9000 sq.ft. (836.13 sq.m.),5,8,3,3.0,North-West,Relatively New,,9000.0,,1,1,1,1,0,1,87
house,dlf city phase 1,sector 26,5.5,30556.0,1797.57,Plot area 200(167.23 sq.m.),4,4,3+,2.0,East,Moderately old,,1800.0,,0,0,1,1,0,0,49
flat,pioneer araya,sector 62,8.35,19513.0,4279.2,Super Built up area 4279(397.53 sq.m.),4,6,3,16.0,East,Relatively New,4279.0,,,0,0,0,0,0,0,153
house,independent,sector 7,8.0,22222.0,3595.14,Plot area 400(334.45 sq.m.),4,5,3+,1.0,North-East,Old Property,,3600.0,,1,1,0,1,0,0,31
house,vipul tatvam villa,sector 48,8.5,26235.0,3239.93,Plot area 360(301.01 sq.m.),4,4,1,1.0,,Relatively New,,3240.0,,0,0,0,0,0,0,21
house,ss aaron ville,sector 49,6.75,15000.0,4499.31,Built Up area: 4500 (418.06 sq.m.),5,4,2,2.0,North,New Property,,4500.0,,0,0,0,0,1,0,49
house,independent,sector 45,10.0,30864.0,3239.93,Plot area 360(301.01 sq.m.),6,6,3+,4.0,North-East,Moderately old,,3240.0,,1,1,1,1,0,2,70
house,independent,sector 26,18.9,41833.0,4520.84,Plot area 502(419.74 sq.m.),6,8,2,3.0,North-East,Relatively New,,4518.0,,1,1,1,1,0,2,120
house,independent,sector 28,11.75,41315.0,2841.67,Plot area 316(264.22 sq.m.),4,5,3+,4.0,East,Relatively New,,2844.0,,1,1,1,0,0,2,54
house,international city by sobha phase 2,sector 109,6.5,12037.0,5403.48,Plot area 5400(501.68 sq.m.),4,4,3+,1.0,North-East,New Property,,5400.0,,0,1,0,0,0,2,160
house,vipul tatvam villa,sector 48,7.8,23148.0,3239.93,Plot area 360(301.01 sq.m.),4,4,3+,2.0,North-East,Relatively New,,3240.0,,1,1,1,1,0,2,145
house,dlf city plots,sector 26,13.5,29880.0,4520.84,Plot area 502(419.74 sq.m.),5,5,3,2.0,East,Old Property,,4518.0,,1,1,1,1,0,2,110
flat,ambience lagoon,sector 24,5.8,12500.0,4640.0,Built Up area: 3700 (343.74 sq.m.),3,4,3+,9.0,North-East,Old Property,,3700.0,,0,0,0,0,0,1,68
house,dlf city phase 1,sector 26,5.5,30556.0,1797.57,Plot area 200(167.23 sq.m.),4,4,3,2.0,North-East,Moderately old,,1800.0,,1,1,0,1,0,0,69
house,experion windchants,sector 112,7.46,10260.0,6350.7,Built Up area: 6350 (589.93 sq.m.),4,4,3+,2.0,East,Relatively New,,6350.0,,0,1,0,1,0,2,62
house,independent,sector 82,7.0,21605.0,3239.93,Plot area 360(301.01 sq.m.),4,4,3+,1.0,North-East,Relatively New,,3240.0,,1,1,0,1,0,2,49
flat,pioneer araya,sector 62,10.75,19500.0,5512.8,Super Built up area 5514(512.27 sq.m.),5,7,3,10.0,North-East,Relatively New,5514.0,,,0,0,0,0,0,2,153
house,unitech escape,sector 50,12.0,37037.0,3239.93,Carpet area: 360 (301.01 sq.m.),5,6,3+,3.0,East,Undefined,,,360.0,0,0,0,0,0,0,66
house,dlf the grove,sector 54,5.7,211111.0,269.1,Built Up area: 270 (25.08 sq.m.),4,4,0,1.0,,Undefined,,270.0,,0,0,0,0,0,0,46
house,international city by sobha phase 1,sector 109,5.75,16428.0,269.1,Plot area 272(25.27 sq.m.)Built Up area: 4800 sq.ft. (445.93 sq.m.)Carpet area: 3500 sq.ft. (325.16 sq.m.),4,4,2,3.0,South-East,Relatively New,,4800.0,3500.0,0,1,0,0,0,0,146
house,independent,sector 25,13.5,19286.0,6996.54,Built Up area: 7000 (650.32 sq.m.),9,9,0,1.0,East,Relatively New,,7000.0,,0,0,0,0,0,0,0
house,malibu towne,sector 47,8.5,53125.0,1603.82,Built Up area: 1600 (148.64 sq.m.),12,12,3+,4.0,North,New Property,,1600.0,,0,0,0,0,0,2,99
house,unitech uniworld resorts,sector 33,11.5,24573.0,4682.3,Plot area 520(434.79 sq.m.),5,6,3+,4.0,East,Relatively New,,4680.0,,0,1,0,0,0,0,84
house,independent,sector 50,10.56,32593.0,3239.93,Plot area 360(301.01 sq.m.),5,5,3,3.0,,Moderately old,,3240.0,,0,1,0,0,0,0,20
house,uppal southend,sector 49,6.75,32328.0,2088.2,Built Up area: 232 (193.98 sq.m.),4,4,3,3.0,West,Relatively New,,232.0,,0,1,0,0,0,2,26
house,international city by sobha phase 2,sector 109,8.75,24306.0,3595.14,Plot area 400(334.45 sq.m.),5,5,3+,3.0,North-East,New Property,,3600.0,,1,1,1,1,0,2,153
house,independent,sector 26,12.5,38580.0,3239.93,Plot area 360(301.01 sq.m.),5,5,3+,2.0,North,Old Property,,3240.0,,1,1,1,1,0,2,79
house,independent,sector 43,8.49,31444.0,2701.74,Plot area 300(250.84 sq.m.),3,3,2,4.0,North,Relatively New,,2700.0,,0,1,0,1,0,2,21
house,vipul tatvam villa,sector 48,18.5,26428.0,6996.54,Plot area 7000(650.32 sq.m.),4,4,1,1.0,,Moderately old,,7000.0,,0,0,0,0,0,0,30
flat,dlf the arbour,sector 63,8.5,21519.0,3950.0,Built Up area: 3950 (366.97 sq.m.),4,4,0,27.0,,Undefined,,3950.0,,0,0,0,0,0,0,61
house,uppal southend,sector 49,6.75,31915.0,2109.72,Plot area 235(196.49 sq.m.),12,12,3+,3.0,West,Moderately old,,2115.0,,0,0,0,0,1,0,49
flat,mm golfestate,sector 65,6.1,18138.0,3363.1,Super Built up area 3363(312.43 sq.m.)Carpet area: 2710 sq.ft. (251.77 sq.m.),3,3,3,19.0,North-East,Moderately old,3363.0,,2710.0,0,0,0,0,0,2,174
house,independent,sector 1,10.0,122222.0,904.17,Plot area 900(83.61 sq.m.),4,4,3+,1.0,North-East,Undefined,,900.0,,0,1,0,0,0,0,12
house,ss hibiscus,sector 50,12.25,20940.0,5844.8,Plot area 5850(543.48 sq.m.),5,7,3+,1.0,South-East,Relatively New,,5850.0,,1,1,0,1,1,2,160
house,ansal sushant lok plots,sector 43,7.0,25926.0,2701.74,Plot area 300(250.84 sq.m.),5,5,3+,3.0,North-East,Relatively New,,2700.0,,1,1,0,1,0,2,41
house,independent,sector 55,9.19,34037.0,2701.74,Plot area 300(250.84 sq.m.),16,18,2,4.0,West,New Property,,2700.0,,0,1,0,1,0,2,49
flat,pioneer araya,sector 62,7.56,18000.0,4200.0,Built Up area: 4200 (390.19 sq.m.),4,4,3+,23.0,West,Relatively New,,4200.0,,0,0,0,0,0,2,87
house,independent,sector 82,7.5,23148.0,3239.93,Plot area 360(301.01 sq.m.),5,5,3+,2.0,East,Relatively New,,3240.0,,0,1,0,1,0,2,135
flat,mm golfestate,sector 65,7.0,18181.0,3850.2,Carpet area: 3850 (357.68 sq.m.),3,3,2,12.0,North,Moderately old,,,3850.0,0,0,0,0,0,0,60
house,independent,sector 2,6.0,24691.0,2432.64,Plot area 270(225.75 sq.m.),5,6,3+,3.0,East,Old Property,,2430.0,,1,0,0,1,1,2,43
house,independent,sector 46,5.65,23870.0,2368.06,Plot area 263(219.9 sq.m.),8,6,3+,3.0,South-West,Moderately old,,2367.0,,0,1,0,0,0,2,67
house,independent,sector 26,26.0,82540.0,3616.67,Plot area 402(336.12 sq.m.)Built Up area: 400 sq.yards (334.45 sq.m.)Carpet area: 350 sq.yards (292.64 sq.m.),16,16,3+,4.0,North-West,New Property,,400.0,350.0,1,1,1,1,0,2,72
house,the laburnum,sector 43,11.0,27160.0,4047.23,Plot area 450(376.26 sq.m.)Built Up area: 360 sq.yards (301.01 sq.m.)Carpet area: 350 sq.yards (292.64 sq.m.),5,6,3+,3.0,East,New Property,,360.0,350.0,0,1,0,1,0,2,160
house,international city by sobha phase 2,sector 109,9.5,26389.0,3595.14,Plot area 400(334.45 sq.m.),7,6,3,3.0,West,Relatively New,,3600.0,,1,1,0,1,0,0,138
house,independent,sector 57,8.0,266666.0,301.39,Plot area 300(27.87 sq.m.),5,4,3,2.0,North,Relatively New,,300.0,,1,1,0,1,0,0,21
house,independent,sector 25,10.0,37037.0,2701.74,Plot area 300(250.84 sq.m.),5,6,3,3.0,North,Old Property,,2700.0,,0,1,1,0,0,2,64
house,independent,sector 25,10.5,29022.0,3616.67,Plot area 402(336.12 sq.m.),5,5,3,3.0,East,Moderately old,,3618.0,,1,1,0,1,0,0,42
house,independent,sector 50,7.0,32407.0,2163.54,Built Up area: 240 (200.67 sq.m.),3,2,0,1.0,,Undefined,,240.0,,0,0,0,0,0,0,0
flat,the penthouses at the hibiscus,sector 50,8.0,8888.0,9000.9,Carpet area: 9000 (836.13 sq.m.),4,3,3,7.0,South-East,Moderately old,,,9000.0,0,0,0,0,0,0,35
house,independent,sector 45,17.0,37777.0,4499.31,Plot area 4500(418.06 sq.m.),5,8,3+,3.0,North-East,Relatively New,,4500.0,,1,1,1,1,0,1,152
house,independent,sector 14,7.5,16600.0,4520.84,Plot area 502(419.74 sq.m.),3,3,2,1.0,West,Old Property,,4518.0,,1,1,0,1,0,2,27
house,independent,sector 26,18.4,1859.0,4520.84,Plot area 502(419.74 sq.m.)Carpet area: 11000 sq.yards (9197.4 sq.m.),6,8,3+,4.0,South,Relatively New,,,11000.0,0,1,1,1,0,2,60
house,international city by sobha phase 2,sector 109,6.25,11574.0,5403.48,Plot area 600(501.68 sq.m.),4,4,3+,2.0,East,Relatively New,,5400.0,,0,1,0,0,0,0,138
house,ansal sushant lok,sector 43,10.5,27911.0,3767.36,Plot area 418(349.5 sq.m.),4,4,2,1.0,North-East,Old Property,,3762.0,,0,1,0,0,0,0,59
house,independent,sector 54,5.5,38194.0,1442.36,Plot area 160(133.78 sq.m.),18,18,3+,4.0,South-West,Relatively New,,1440.0,,0,1,0,0,0,1,70
house,nirvana country,sector 50,10.0,14285.0,6996.54,Built Up area: 7000 (650.32 sq.m.),5,7,2,4.0,East,Moderately old,,7000.0,,0,1,0,0,0,1,0
house,unitech uniworld resorts,sector 33,9.55,19293.0,4951.39,Plot area 550(459.87 sq.m.),6,7,3+,2.0,East,Relatively New,,4950.0,,1,1,1,1,0,2,126
house,unitech espace,sector 50,7.42,34351.0,2163.54,Plot area 2160(200.67 sq.m.)Built Up area: 3200 sq.ft. (297.29 sq.m.),4,4,3,2.0,West,Old Property,,3200.0,,0,0,0,0,0,2,88
house,independent,sector 26,20.0,44444.0,4499.31,Plot area 500(418.06 sq.m.),5,7,3+,3.0,West,Relatively New,,4500.0,,0,1,0,1,0,1,97
house,independent,sector 25,6.5,36111.0,1797.57,Plot area 200(167.23 sq.m.),4,3,3,3.0,,Moderately old,,1800.0,,1,0,0,1,0,0,19
house,uppal southend,sector 49,6.75,32328.0,2088.2,Plot area 232(193.98 sq.m.),12,12,3+,3.0,North,Moderately old,,2088.0,,1,1,0,1,1,2,49
house,independent,sector 26,8.49,47167.0,1797.57,Plot area 200(167.23 sq.m.),12,12,3+,4.0,North,Relatively New,,1800.0,,0,1,0,1,0,2,42
house,emaar mgf marbella,sector 66,12.0,37037.0,3239.93,Plot area 360(301.01 sq.m.),5,5,3+,3.0,East,New Property,,3240.0,,0,1,1,1,0,2,106
house,independent,sector 57,6.21,23000.0,2701.74,Plot area 300(250.84 sq.m.),6,6,3+,4.0,North-East,Old Property,,2700.0,,1,1,1,1,0,0,52
house,dlf city plots,sector 26,26.0,57206.0,4542.37,Plot area 505(422.24 sq.m.),6,7,3+,2.0,North-East,New Property,,4545.0,,1,1,0,1,1,2,138
house,independent,sector 25,6.5,36111.0,1797.57,Plot area 200(167.23 sq.m.),4,4,3+,2.0,North-East,Moderately old,,1800.0,,1,1,1,1,0,0,61
house,independent,sector 40,12.0,38986.0,3078.48,Plot area 342(285.96 sq.m.),16,16,3+,4.0,,New Property,,3078.0,,1,1,1,1,0,2,0
house,unitech aspen greens,sector 50,6.8,31481.0,2163.54,Plot area 240(200.67 sq.m.)Built Up area: 220 sq.yards (183.95 sq.m.)Carpet area: 200 sq.yards (167.23 sq.m.),4,5,3,3.0,West,Old Property,,220.0,200.0,1,1,0,0,0,2,111
house,raj villas,sector 52,8.0,25543.0,3132.29,Carpet area: 348 (290.97 sq.m.),6,5,3+,4.0,East,Undefined,,,348.0,0,0,0,0,0,0,0
house,international city by sobha phase 2,sector 109,7.0,12963.0,5403.48,Plot area 600(501.68 sq.m.),4,4,3+,2.0,West,Relatively New,,5400.0,,0,0,0,0,0,2,102
house,unitech aspen greens,sector 50,6.95,4490.0,2163.54,Plot area 240(200.67 sq.m.)Built Up area: 2160 sq.yards (1806.04 sq.m.)Carpet area: 1720 sq.yards (1438.14 sq.m.),3,3,1,2.0,North-East,Moderately old,,2160.0,1720.0,0,1,0,0,0,0,160
house,ireo victory valley,sector 67,8.0,22222.0,3595.14,Plot area 400(334.45 sq.m.),6,7,3+,3.0,North-East,Moderately old,,3600.0,,1,1,1,1,0,2,151
house,independent,sector 43,15.5,28233.0,5489.59,Plot area 610(510.04 sq.m.),5,6,3,3.0,East,Moderately old,,5490.0,,1,1,1,1,0,0,76
house,international city by sobha phase 1,sector 109,5.9,24280.0,2432.64,Plot area 270(225.75 sq.m.),4,5,2,2.0,East,Relatively New,,2430.0,,0,1,0,0,0,2,111
house,ansals palam vihar,sector 2,9.0,19231.0,4682.3,Plot area 520(434.79 sq.m.),5,5,2,2.0,North,Old Property,,4680.0,,1,1,1,1,0,1,110
house,nirvana country,sector 41,16.0,35556.0,4499.31,Plot area 500(418.06 sq.m.),6,7,3,3.0,North-West,Old Property,,4500.0,,0,1,1,1,0,2,113
flat,dlf park place,sector 54,6.75,24963.0,2704.0,Super Built up area 2704(251.21 sq.m.)Carpet area: 1534 sq.ft. (142.51 sq.m.),4,4,2,8.0,North,Moderately old,2704.0,,1534.0,0,0,0,0,0,1,135
house,vipul tatvam villa,sector 48,7.25,201388.0,355.21,Plot area 360(33.45 sq.m.),4,4,3,2.0,,Relatively New,,360.0,,1,1,1,1,0,2,103
house,independent,sector 26,14.75,51864.0,2841.67,Plot area 316(264.22 sq.m.),16,20,3+,4.0,East,New Property,,2844.0,,1,1,1,1,0,2,153
house,independent,sector 43,5.75,23662.0,2432.64,Plot area 270(225.75 sq.m.)Built Up area: 260 sq.yards (217.39 sq.m.)Carpet area: 220 sq.yards (183.95 sq.m.),4,4,2,4.0,North,Undefined,,260.0,220.0,0,1,1,0,0,1,153
house,independent,sector 2,5.6,17284.0,3239.93,Plot area 360(301.01 sq.m.),8,6,3+,1.0,South-West,Moderately old,,3240.0,,1,1,1,1,0,0,0
house,international city by sobha phase 1,sector 109,12.0,20000.0,7997.58,Plot area 8000(743.22 sq.m.)Built Up area: 7000 sq.ft. (650.32 sq.m.)Carpet area: 6000 sq.ft. (557.42 sq.m.),5,6,3,2.0,North-East,Relatively New,,7000.0,6000.0,1,1,0,0,0,2,154
house,independent,sector 17,7.2,15926.0,4520.84,Plot area 420,4,4,2,1.0,,Old Property,,4494.0,,0,1,1,0,0,0,0
house,independent,sector 28,11.25,34722.0,3239.93,Plot area 360(301.01 sq.m.),9,9,3+,2.0,North,Moderately old,,3240.0,,0,1,1,1,0,2,126
flat,tulip monsella,sector 53,8.25,28000.0,2946.4,Super Built up area 2940(273.13 sq.m.),3,4,3,8.0,,Undefined,2940.0,,,0,0,0,0,0,1,35
house,independent,sector 25,8.0,8000.0,9999.66,Carpet area: 10000 (929.03 sq.m.),3,9,2,3.0,,New Property,,,10000.0,0,0,0,0,0,0,0
house,dlf city plots phase 4,sector 28,9.54,29444.0,3239.93,Plot area 360(301.01 sq.m.),6,5,3+,3.0,North,New Property,,3240.0,,1,1,1,1,0,0,153
flat,tata gurgaon gateway,sector 113,6.0,9139.0,6565.3,Carpet area: 6565 (609.91 sq.m.),5,6,3+,24.0,North,Moderately old,,,6565.0,0,0,0,0,0,0,117
house,independent,sector 43,8.5,31481.0,2701.74,Plot area 300(250.84 sq.m.),5,5,3,3.0,West,Moderately old,,2700.0,,0,1,0,0,0,2,113
flat,elan the presidential,sector 106,6.3,15384.0,4095.2,Super Built up area 4095(380.44 sq.m.)Carpet area: 3500 sq.ft. (325.16 sq.m.),5,6,3+,10.0,North-East,Under Construction,4095.0,,3500.0,0,0,0,0,0,2,62
house,independent,sector 51,5.5,1087.0,50579.57,Plot area 5620(4699.04 sq.m.)Built Up area: 8260 sq.yards (6906.41 sq.m.)Carpet area: 4860 sq.yards (4063.58 sq.m.),8,8,2,3.0,North-East,Relatively New,,8260.0,4860.0,0,0,0,1,0,2,49
house,housing board colony,sector 28,5.5,30556.0,1797.57,Plot area 200(167.23 sq.m.),4,3,3,2.0,North,Old Property,,1800.0,,0,0,0,1,1,2,22
house,independent,sector 38,8.0,230547.0,344.44,Built Up area: 347 (32.24 sq.m.)Carpet area: 215 sq.ft. (19.97 sq.m.),10,10,3+,1.0,North,Undefined,,347.0,215.0,0,0,0,0,0,0,0
house,sobha city,sector 108,10.5,14323.0,7330.22,Built Up area: 7331 (681.07 sq.m.),5,4,3+,1.0,East,Undefined,,7331.0,,0,0,0,0,0,0,59
house,independent,sector 26,19.0,42222.0,4499.31,Plot area 500(418.06 sq.m.),6,8,3+,3.0,East,Moderately old,,4500.0,,1,1,1,1,0,2,103
house,bptp astaire gardens,sector 70,6.5,27871.0,2690.98,Plot area 299(250 sq.m.),4,4,3+,2.0,North-East,New Property,,2691.0,,1,1,0,1,0,2,160
house,cloudnine cottages,sector 48,5.5,55000.0,1001.04,Plot area 1000(92.9 sq.m.),3,3,0,1.0,,Moderately old,,1000.0,,0,0,0,0,0,0,0
house,unitech uniworld resorts,sector 33,8.0,17778.0,4499.31,Built Up area: 500 (418.06 sq.m.),6,5,3+,4.0,,Undefined,,500.0,,0,0,0,0,0,0,0
house,unitech aspen greens,sector 50,7.0,32407.0,2163.54,Plot area 240(200.67 sq.m.),4,4,2,2.0,East,Old Property,,2160.0,,0,1,0,0,0,0,29
flat,dlf the belaire,sector 54,7.0,23333.0,3000.0,Super Built up area 3000(278.71 sq.m.),4,6,3+,12.0,East,Moderately old,3000.0,,,0,0,0,0,0,2,108
house,independent,sector 26,8.9,32963.0,2701.74,Plot area 300(250.84 sq.m.),4,4,3+,2.0,South-East,Old Property,,2700.0,,1,1,1,1,0,0,82
house,dlf the arbour,sector 63,8.5,21519.0,3950.35,Built Up area: 3950 (366.97 sq.m.),4,4,3+,27.0,,Undefined,,3950.0,,0,0,0,0,0,0,61
house,international city by sobha phase 2,sector 109,8.48,23556.0,3595.14,Plot area 400(334.45 sq.m.),4,6,3+,3.0,North-East,New Property,,3600.0,,1,1,1,1,0,0,153
house,ansals palam vihar,sector 2,5.7,14729.0,3875.0,Plot area 430(359.53 sq.m.)Built Up area: 4550 sq.yards (3804.38 sq.m.)Carpet area: 4450 sq.yards (3720.77 sq.m.),5,5,2,2.0,North-East,Old Property,,4550.0,4450.0,0,0,0,1,0,1,94
house,independent,sector 43,6.5,35400.0,1937.5,Plot area 215(179.77 sq.m.)Built Up area: 215 sq.yards (179.77 sq.m.),5,4,3+,3.0,South-East,Moderately old,,215.0,,0,1,0,1,0,2,54
house,dlf city plot phase 4,sector 28,13.0,1992.0,65250.76,Carpet area: 7250 (6061.92 sq.m.),10,10,3+,1.0,,Undefined,,,7250.0,0,0,0,0,0,0,0
house,independent,sector 25,10.85,38150.0,2841.67,Plot area 316(264.22 sq.m.),6,6,1,3.0,North-East,Relatively New,,2844.0,,0,0,1,0,0,2,136
house,unitech uniworld resorts,sector 33,8.0,11428.0,6996.54,Plot area 7000(650.32 sq.m.),4,4,3+,2.0,West,Old Property,,7000.0,,1,1,1,1,0,0,77
house,vipul tatvam villa,sector 48,22.0,26667.0,8998.62,Plot area 1000(836.13 sq.m.),5,6,3,3.0,,Moderately old,,9000.0,,0,1,0,0,0,0,54
house,independent,sector 50,10.45,38703.0,2701.74,Plot area 2700(250.84 sq.m.)Built Up area: 4000 sq.ft. (371.61 sq.m.),4,5,2,3.0,North,Moderately old,,4000.0,,1,1,0,1,0,2,142
house,independent,sector 14,8.0,17707.0,4520.84,Plot area 502(419.74 sq.m.),12,4,3+,3.0,North,Old Property,,4518.0,,0,1,1,0,0,0,32
house,vipul tatvam villa,sector 48,7.25,27971.0,2594.1,Plot area 288(240.8 sq.m.),3,4,2,2.0,South,Moderately old,,2592.0,,1,1,1,1,0,2,115
flat,krrish provence estate,sector 59,5.5,9482.0,5800.5,Super Built up area 5800(538.84 sq.m.),4,5,3+,11.0,East,New Property,5800.0,,,0,0,0,0,0,0,151
house,independent,sector 50,7.0,23333.0,2400.35,Plot area 2400(222.97 sq.m.)Built Up area: 3400 sq.ft. (315.87 sq.m.)Carpet area: 3000 sq.ft. (278.71 sq.m.),4,4,2,3.0,North-East,Old Property,,3400.0,3000.0,0,1,0,0,0,0,118
house,international city by sobha phase 2,sector 109,9.4,26111.0,3595.14,Plot area 400(334.45 sq.m.),5,6,3+,2.0,North-East,Relatively New,,3600.0,,1,1,1,1,0,2,147
house,unitech uniworld resorts,sector 33,9.5,173992.0,548.96,Plot area 546(50.73 sq.m.),6,6,3+,3.0,North-East,Moderately old,,546.0,,0,0,0,0,0,2,40
house,unitech espace,sector 50,11.5,35494.0,3239.93,Built Up area: 3240 (301.01 sq.m.),5,6,0,1.0,North-West,Undefined,,3240.0,,0,0,0,0,0,0,0
house,independent,sector 43,5.75,29716.0,1937.5,Plot area 215(179.77 sq.m.),4,4,2,2.0,North,Old Property,,1935.0,,0,1,1,1,0,0,34
house,private house,sector 55,7.05,46906.0,1506.95,Plot area 167(139.63 sq.m.),18,18,3+,4.0,North-East,Relatively New,,1503.0,,0,0,0,0,1,1,57
house,international city by sobha phase 1,sector 109,5.85,26423.0,2217.36,Plot area 246(205.69 sq.m.),4,5,3+,2.0,East,Relatively New,,2214.0,,0,1,0,0,0,2,85
flat,dlf city plots phase,sector 24,6.5,18571.0,3500.1,Carpet area: 3500 (325.16 sq.m.),4,5,3+,3.0,North-East,New Property,,,3500.0,0,0,0,0,0,1,42
flat,ss hibiscus,sector 50,6.0,12272.0,4889.2,Super Built up area 4400(408.77 sq.m.),4,3,3,5.0,South-East,Moderately old,4400.0,,,0,0,0,0,0,0,31
house,ss hibiscus,sector 50,12.5,40850.0,4230.21,Plot area 470(392.98 sq.m.)Built Up area: 410 sq.yards (342.81 sq.m.)Carpet area: 340 sq.yards (284.28 sq.m.),4,4,3+,2.0,West,Relatively New,,410.0,340.0,1,1,0,0,0,1,160
house,international city by sobha phase 2,sector 109,10.0,27778.0,3595.14,Plot area 400(334.45 sq.m.),4,5,3+,2.0,East,New Property,,3600.0,,1,1,0,1,1,2,49
house,unitech espace,sector 50,11.0,40741.0,3239.93,Plot area 360(301.01 sq.m.)Built Up area: 361 sq.yards (301.84 sq.m.)Carpet area: 300 sq.yards (250.84 sq.m.),4,4,3+,2.0,North,Moderately old,,361.0,300.0,0,1,0,0,0,2,88
house,sector 14 rwa,sector 14,5.51,16990.0,3250.7,Plot area 361(301.84 sq.m.),3,3,2,4.0,South-West,Moderately old,,3249.0,,0,0,0,0,0,0,14
house,sushant lok 1 builder floors,sector 43,10.85,28841.0,3767.36,Plot area 418(349.5 sq.m.),8,8,3,3.0,West,Moderately old,,3762.0,,1,1,1,1,0,1,160
house,independent,sector 14,6.46,18889.0,3422.92,Plot area 380(317.73 sq.m.)Built Up area: 380 sq.yards (317.73 sq.m.)Carpet area: 300 sq.yards (250.84 sq.m.),5,5,2,3.0,East,Moderately old,,380.0,300.0,1,1,0,1,0,2,27
house,international city by sobha phase 1,sector 109,6.75,10838.0,6232.3,Plot area 692(578.6 sq.m.),4,4,3+,2.0,North-East,New Property,,6228.0,,0,1,0,1,0,0,130
house,independent,sector 47,6.09,33665.0,1808.34,Plot area 201(168.06 sq.m.)Built Up area: 180 sq.yards (150.5 sq.m.)Carpet area: 150 sq.yards (125.42 sq.m.),12,11,3+,4.0,West,Moderately old,,180.0,150.0,0,0,0,1,0,1,44
house,sushant lok 1 builder floors,sector 43,6.25,30728.0,2034.38,Plot area 226(188.96 sq.m.),7,7,3+,3.0,North,Moderately old,,2034.0,,1,1,1,0,0,0,46
flat,mm golfestate,sector 65,5.9,17543.0,3363.2,Super Built up area 3363(312.43 sq.m.),3,3,3,9.0,,Moderately old,3363.0,,,0,0,0,0,0,1,21
house,independent,sector 25,11.0,35530.0,3100.0,Plot area 344(287.63 sq.m.),5,5,3+,2.0,,Relatively New,,3096.0,,1,1,1,1,0,0,29
house,nul,sector 28,12.5,51440.0,2432.64,Plot area 270(225.75 sq.m.),16,17,3+,4.0,South,Relatively New,,2430.0,,1,1,0,1,1,1,137
house,independent,sector 27,8.25,45833.0,1894.45,Plot area 210(175.59 sq.m.)Built Up area: 205 sq.yards (171.41 sq.m.)Carpet area: 200 sq.yards (167.23 sq.m.),12,12,3+,4.0,East,New Property,,205.0,200.0,0,1,0,1,0,2,40
house,independent,sector 48,5.5,23504.0,2335.77,Plot area 260(217.39 sq.m.),4,4,2,2.0,North,Relatively New,,2340.0,,0,1,0,0,0,2,22
house,independent,sector 48,6.25,6944.0,8998.62,Plot area 1000(836.13 sq.m.),3,3,0,1.0,,Moderately old,,9000.0,,0,0,0,0,0,0,0
house,independent,sector 25,9.0,28490.0,3153.82,Plot area 351(293.48 sq.m.),10,10,3,3.0,East,Old Property,,3159.0,,0,0,0,1,0,2,64
house,malibu towne,sector 47,8.81,27191.0,3239.93,Plot area 360(301.01 sq.m.),8,6,3+,3.0,East,Moderately old,,3240.0,,1,1,0,0,1,2,27
house,ansal sushant lok plots,sector 43,5.8,29974.0,1937.5,Plot area 215(179.77 sq.m.),6,6,3,2.0,South-West,Relatively New,,1935.0,,0,1,0,0,1,2,49
house,nul,sector 25,9.5,33404.0,2841.67,Plot area 316(264.22 sq.m.),9,9,3+,3.0,North-West,Old Property,,2844.0,,0,0,0,0,1,0,81
flat,the ivy,sector 43,6.0,15765.0,3805.9,Built Up area: 3806 (353.59 sq.m.),4,5,3,2.0,North-East,Undefined,,3806.0,,0,0,0,0,0,0,0
house,dlf city phase 1,sector 26,9.25,47803.0,1937.5,Plot area 1935(179.77 sq.m.)Built Up area: 7000 sq.ft. (650.32 sq.m.),12,12,3+,4.0,North-East,New Property,,7000.0,,0,1,0,1,0,2,43
house,independent,sector 26,18.25,18250.0,548.96,Plot area 550(51.1 sq.m.)Carpet area: 10000 sq.ft. (929.03 sq.m.),7,9,3+,4.0,East,Relatively New,,,10000.0,1,1,1,1,0,2,77
house,international city by sobha phase 1,sector 109,5.7,10556.0,5403.48,Plot area 600(501.68 sq.m.),4,4,3+,4.0,East,Relatively New,,5400.0,,1,1,0,0,0,0,98
house,unitech uniworld resorts,sector 33,11.0,26667.0,4499.31,Plot area 500(418.06 sq.m.),5,6,3,3.0,,New Property,,4500.0,,1,1,0,0,0,0,58
flat,dlf royalton tower,sector 43,6.5,22108.0,2940.1,Super Built up area 2940(273.13 sq.m.),4,5,2,8.0,West,Relatively New,2940.0,,,0,0,0,0,0,0,15
house,international city by sobha phase 2,sector 109,6.44,26502.0,2432.64,Plot area 270(225.75 sq.m.),4,5,3+,3.0,North-East,New Property,,2430.0,,1,1,1,1,0,0,138
house,kothi,sector 17,6.95,15444.0,4499.31,Plot area 500(418.06 sq.m.)Built Up area: 3500 sq.yards (2926.45 sq.m.),4,4,3+,2.0,,Old Property,,3500.0,,1,1,1,1,0,0,33
flat,sahara grace,sector 28,5.5,14612.0,3764.0,Super Built up area 3764(349.69 sq.m.),4,5,3+,5.0,East,Moderately old,3764.0,,,0,0,0,0,0,2,8
house,independent,sector 28,12.0,42194.0,2841.67,Plot area 316(264.22 sq.m.),4,5,3+,4.0,East,Relatively New,,2844.0,,0,1,1,1,0,2,60
flat,pioneer urban presidia,sector 62,7.15,16486.0,4337.0,Super Built up area 4337(402.92 sq.m.),4,5,3+,7.0,East,Relatively New,4337.0,,,0,0,0,0,0,2,158
house,dlf city plots,sector 26,20.0,44265.0,4520.84,Plot area 502(419.74 sq.m.),16,20,3+,4.0,North-East,New Property,,4518.0,,1,1,1,1,0,2,153
house,suncity essel towers,sector 28,8.95,17900.0,5005.21,Plot area 5000(464.52 sq.m.),5,6,3+,4.0,,Moderately old,,5000.0,,0,0,0,0,0,0,0
house,ansal api esencia,sector 67,5.46,24170.0,2260.42,Plot area 251(209.87 sq.m.),4,5,3+,2.0,East,Relatively New,,2259.0,,1,0,1,1,0,2,103
house,independent,sector 41,7.0,28283.0,2475.7,Plot area 275(229.94 sq.m.),7,7,3+,3.0,South-West,Moderately old,,2475.0,,1,1,1,1,0,1,151
house,independent,sector 43,8.25,30556.0,2701.74,Plot area 300(250.84 sq.m.),5,6,3+,3.0,West,Moderately old,,2700.0,,1,1,1,1,0,2,64
house,emaar mgf marbella,sector 66,18.0,55556.0,3239.93,Plot area 360(301.01 sq.m.),4,4,3+,3.0,East,Moderately old,,3240.0,,1,1,0,1,0,1,75
house,independent,sector 24,6.5,22855.0,2841.67,Plot area 316(264.22 sq.m.),4,4,2,2.0,,Old Property,,2844.0,,0,0,0,1,0,0,35
house,independent,sector 25,16.0,59259.0,3153.82,Plot area 350(292.64 sq.m.)Built Up area: 325 sq.yards (271.74 sq.m.)Carpet area: 300 sq.yards (250.84 sq.m.),16,16,3+,4.0,West,New Property,,325.0,300.0,1,1,1,1,0,2,72
house,independent,sector 25,10.0,37037.0,2701.74,Plot area 2700(250.84 sq.m.)Built Up area: 9500 sq.ft. (882.58 sq.m.)Carpet area: 9000 sq.ft. (836.13 sq.m.),5,5,3+,3.0,East,Moderately old,,9500.0,9000.0,0,1,0,1,0,1,29
house,dlf city plots phase 2,sector 25,10.55,39074.0,2701.74,Plot area 300(250.84 sq.m.),5,6,3+,3.0,East,Moderately old,,2700.0,,1,1,1,1,0,0,131
house,independent,sector 23,5.5,13095.0,4197.92,Plot area 4200(390.19 sq.m.),9,9,3+,3.0,South,Moderately old,,4200.0,,0,1,0,0,1,2,0
house,independent,sector 48,5.5,5093.0,10796.19,Plot area 1200(1003.35 sq.m.)Built Up area: 3500 sq.yards (2926.45 sq.m.),3,3,3+,2.0,West,Moderately old,,3500.0,,1,1,0,1,1,0,49
house,independent,sector 26,16.0,35556.0,4499.31,Plot area 500(418.06 sq.m.),5,6,3,2.0,North-East,Old Property,,4500.0,,0,0,0,0,0,0,0
house,emaar mgf marbella,sector 66,15.1,18605.0,8115.98,Plot area 754,5,5,3+,3.0,East,New Property,,8067.799999999999,,1,1,1,1,0,0,120
house,emaar mgf marbella,sector 66,19.0,31666.0,8998.62,Plot area 9000(836.13 sq.m.)Carpet area: 6000 sq.ft. (557.42 sq.m.),5,6,3+,3.0,North-East,Relatively New,,,6000.0,0,1,1,1,0,2,110
house,independent,sector 26,7.0,39265.0,1786.81,Plot area 1782.72(165.62 sq.m.),5,5,2,3.0,North-East,Relatively New,,1782.72,,0,1,0,0,0,0,9
flat,mahindra luminare,sector 59,5.8,19173.0,3025.1,Carpet area: 3025 (281.03 sq.m.),3,4,3,16.0,North-East,New Property,,,3025.0,0,0,0,0,0,2,49
house,independent,sector 40,9.5,40135.0,2368.06,Plot area 263(219.9 sq.m.),12,12,3+,4.0,,New Property,,2367.0,,0,0,1,0,0,2,57
flat,pioneer araya,sector 62,9.2,19943.0,4613.2,Super Built up area 4613(428.56 sq.m.)Carpet area: 3203 sq.ft. (297.57 sq.m.),4,6,3,5.0,South,Relatively New,4613.0,,3203.0,0,0,0,0,0,2,156
house,emaar the palm springs,sector 54,24.0,600000.0,398.26,Plot area 400(37.16 sq.m.),5,5,2,1.0,North-East,Old Property,,400.0,,1,1,0,1,0,2,122
house,emaar mgf marbella,sector 66,18.0,40000.0,4499.31,Plot area 500(418.06 sq.m.),5,6,3+,3.0,North-East,Relatively New,,4500.0,,1,1,1,1,0,1,153
house,international city by sobha phase 1,sector 109,6.1,25103.0,2432.64,Plot area 270(225.75 sq.m.),5,6,3+,2.0,,Moderately old,,2430.0,,0,1,0,0,0,0,30
house,puri diplomatic greens,sector 111,9.0,11250.0,7997.58,Built Up area: 8000 (743.22 sq.m.),5,5,3+,3.0,North-East,Relatively New,,8000.0,,0,1,0,0,0,0,112
house,unitech aspen greens,sector 50,12.0,37037.0,3239.93,Plot area 360(301.01 sq.m.),3,4,2,1.0,East,Moderately old,,3240.0,,1,1,0,0,0,2,101
house,sushant lok 1 builder floors,sector 43,13.0,48148.0,2701.74,Plot area 300(250.84 sq.m.),3,3,3+,4.0,North,New Property,,2700.0,,0,0,0,1,0,2,7
flat,dlf icon,sector 43,5.8,20707.0,2801.0,Built Up area: 2801 (260.22 sq.m.),4,4,3+,18.0,,Undefined,,2801.0,,0,0,0,0,0,0,0
house,unitech espace,sector 50,10.3,31790.0,3239.93,Plot area 360(301.01 sq.m.),5,6,3+,3.0,East,Moderately old,,3240.0,,1,1,1,1,0,2,160
house,independent,sector 27,8.0,26298.0,3046.18,Plot area 338(282.61 sq.m.),9,9,3,4.0,North-East,Relatively New,,3042.0,,1,1,1,1,0,1,110
house,unitech deerwood chase,sector 50,15.0,33333.0,4499.31,Plot area 500(418.06 sq.m.),4,4,2,2.0,West,Moderately old,,4500.0,,0,1,0,0,0,0,160
house,unitech uniworld resorts,sector 33,11.75,23240.0,4520.84,Plot area 502(419.74 sq.m.),5,7,3+,3.0,East,Relatively New,,4518.0,,0,1,0,0,0,0,80
house,luxury dlf city floors,sector 26,20.0,48889.0,4499.31,Plot area 500(418.06 sq.m.),16,16,3+,4.0,,New Property,,4500.0,,0,1,0,0,0,2,31
house,international city by sobha phase 1,sector 109,6.0,9634.0,6232.3,Plot area 692(578.6 sq.m.),5,5,3+,2.0,South-West,Relatively New,,6228.0,,1,1,1,1,0,0,160
house,international city by sobha phase 2,sector 109,12.5,26667.0,4499.31,Plot area 500(418.06 sq.m.),5,6,3,3.0,East,Relatively New,,4500.0,,1,1,1,1,0,0,63
house,unitech uniworld resorts,sector 33,8.5,17820.0,4768.41,Plot area 530(443.15 sq.m.),5,5,3+,3.0,North,New Property,,4770.0,,1,1,1,1,0,2,145
house,dlf city plots,sector 26,16.0,37778.0,4499.31,Plot area 500(418.06 sq.m.),4,4,3,1.0,,Relatively New,,4500.0,,1,0,1,1,0,0,7
house,independent,sector 50,13.2,27155.0,4865.28,Built Up area: 4861 (451.6 sq.m.),6,6,0,2.0,,Undefined,,4861.0,,0,0,0,0,0,0,0
house,unitech south city,sector 50,5.88,27222.0,2163.54,Plot area 240(200.67 sq.m.),9,9,3+,3.0,East,Relatively New,,2160.0,,1,1,0,1,1,1,128
house,dlf city plots,sector 26,19.0,42054.0,4520.84,Plot area 502(419.74 sq.m.),6,6,3,2.0,East,Relatively New,,4518.0,,1,1,0,0,0,2,121
house,independent,sector 28,8.4,34568.0,2432.64,Plot area 270(225.75 sq.m.),4,4,3+,2.0,North-East,Relatively New,,2430.0,,0,1,1,1,0,2,139
house,independent,sector 2,19.5,27083.0,7201.05,Plot area 800(668.9 sq.m.),8,9,3+,2.0,North,New Property,,7200.0,,1,1,0,1,0,0,122
house,independent,sector 43,27.5,24366.0,11291.33,Plot area 1254(1048.5 sq.m.),6,7,3+,3.0,North-East,Relatively New,,11286.0,,1,1,0,1,1,2,42
flat,suncity platinum towers,sector 28,6.2,23091.0,2685.0,Super Built up area 2685(249.44 sq.m.)Built Up area: 2000 sq.ft. (185.81 sq.m.)Carpet area: 1900 sq.ft. (176.52 sq.m.),3,4,3+,21.0,South,Relatively New,2685.0,2000.0,1900.0,0,0,0,0,0,2,160
house,independent,sector 56,7.25,29336.0,2723.27,Plot area 303(253.35 sq.m.),8,8,3+,0.0,North-East,Moderately old,,2727.0,,0,0,0,0,0,2,24
house,independent,sector 2,6.0,20000.0,2992.36,Built Up area: 333 (278.43 sq.m.),4,4,1,2.0,,Relatively New,,333.0,,0,0,0,0,0,0,0
house,unitech palms south city 1,sector 41,9.35,28858.0,3239.93,Plot area 3240(301.01 sq.m.)Built Up area: 7500 sq.ft. (696.77 sq.m.)Carpet area: 6000 sq.ft. (557.42 sq.m.),10,10,3+,4.0,North-East,Moderately old,,7500.0,6000.0,1,1,0,0,0,2,70
flat,dlf park place,sector 54,5.75,24688.0,2329.1,Super Built up area 2329(216.37 sq.m.)Built Up area: 1900 sq.ft. (176.52 sq.m.)Carpet area: 1700 sq.ft. (157.94 sq.m.),3,4,3,12.0,North-East,Relatively New,2329.0,1900.0,1700.0,0,0,0,0,0,1,174
flat,krrish provence estate,sector 59,7.5,7500.0,10000.0,Super Built up area 10000(929.03 sq.m.),5,6,3+,23.0,North-East,Relatively New,10000.0,,,0,0,0,0,0,0,49
house,independent,sector 55,5.6,20741.0,2701.74,Plot area 300(250.84 sq.m.),6,4,3,3.0,East,Old Property,,2700.0,,0,1,0,0,0,2,41
house,independent house sector 45,sector 40,9.0,38022.0,2368.06,Plot area 2367(219.9 sq.m.)Built Up area: 9000 sq.ft. (836.13 sq.m.)Carpet area: 6000 sq.ft. (557.42 sq.m.),12,12,3,4.0,North-West,New Property,,9000.0,6000.0,0,1,0,0,0,2,71
flat,dlf royalton tower,sector 43,6.5,20687.0,3142.1,Super Built up area 2997(278.43 sq.m.),4,4,3+,9.0,,Moderately old,2997.0,,,0,0,0,0,0,0,7
flat,tulip monsella,sector 53,5.6,19363.0,2892.1,Super Built up area 2892(268.68 sq.m.),3,3,3+,1.0,,Undefined,2892.0,,,0,0,0,0,0,0,42
house,emaar mgf marbella,sector 66,9.01,16066.0,5607.99,Plot area 521,4,4,3+,3.0,North-East,Relatively New,,5574.7,,0,1,1,0,0,0,122
flat,dlf royalton tower,sector 43,6.2,20687.0,2997.0,Super Built up area 2997(278.43 sq.m.),4,4,3+,9.0,,Moderately old,2997.0,,,0,0,0,0,0,0,7
house,emaar mgf marbella,sector 66,8.7,38667.0,2249.66,Plot area 250(209.03 sq.m.)Built Up area: 267 sq.yards (223.25 sq.m.),4,5,2,3.0,East,New Property,,267.0,,1,1,0,0,0,0,144
house,international city by sobha phase 2,sector 109,11.3,25111.0,4499.31,Plot area 500(418.06 sq.m.)Built Up area: 480 sq.yards (401.34 sq.m.)Carpet area: 460 sq.yards (384.62 sq.m.),7,5,3+,4.0,East,Relatively New,,480.0,460.0,1,1,0,1,1,0,49
flat,mm golfestate,sector 65,6.15,18331.0,3355.0,Built Up area: 3355 (311.69 sq.m.)Carpet area: 2200 sq.ft. (204.39 sq.m.),3,4,2,20.0,North-East,Undefined,,3355.0,2200.0,0,0,0,0,0,0,0
house,unitech espace,sector 50,11.29,34846.0,3239.93,Plot area 360(301.01 sq.m.),5,5,3+,2.0,,Moderately old,,3240.0,,1,0,0,1,0,0,21
flat,beverley park,sector 43,8.44,16230.0,5200.2,Super Built up area 5200(483.1 sq.m.)Built Up area: 5000 sq.ft. (464.52 sq.m.)Carpet area: 4900 sq.ft. (455.22 sq.m.),4,5,3,9.0,North-East,Moderately old,5200.0,5000.0,4900.0,0,0,0,0,0,1,117
house,independent,sector 12,6.0,315789.0,193.75,Plot area 190(17.65 sq.m.)Carpet area: 1600 sq.ft. (148.64 sq.m.),9,6,2,2.0,North-East,Old Property,,,1600.0,0,0,0,0,0,0,0
house,independent,sector 14,6.4,20317.0,3153.82,Plot area 350(292.64 sq.m.)Built Up area: 349 sq.yards (291.81 sq.m.)Carpet area: 348 sq.yards (290.97 sq.m.),6,6,3+,3.0,North,Old Property,,349.0,348.0,0,0,0,0,1,0,35
house,vipul tatvam villa,sector 48,7.69,24069.0,3196.88,Plot area 355(296.83 sq.m.),4,5,3,2.0,North-West,Moderately old,,3195.0,,1,1,1,1,0,2,110
house,vipul tatvam villa,sector 48,5.75,22184.0,2594.1,Plot area 288(240.8 sq.m.)Built Up area: 280 sq.yards (234.12 sq.m.)Carpet area: 250 sq.yards (209.03 sq.m.),4,4,2,2.0,West,Moderately old,,280.0,250.0,0,1,0,0,0,0,30
house,independent,sector 105,9.9,49500.0,2002.09,Built Up area: 2000 (185.81 sq.m.)Carpet area: 1800 sq.ft. (167.23 sq.m.),2,2,2,3.0,North,Undefined,,2000.0,1800.0,0,0,0,0,0,0,0
house,vipul tatvam villa,sector 48,7.35,22812.0,3218.41,Plot area 358(299.33 sq.m.),4,5,2,2.0,South,Moderately old,,3222.0,,1,1,1,1,0,2,144
flat,elevate,sector 50,6.75,19882.0,3395.0,Built Up area: 3395 (315.41 sq.m.),4,4,0,10.0,,Undefined,,3395.0,,0,0,0,0,0,0,0
flat,parsvnath exotica,sector 53,6.44,19000.0,3389.5,Super Built up area 3390(314.94 sq.m.),4,4,3,7.0,West,Moderately old,3390.0,,,0,0,0,0,0,2,80
flat,paras quartier,sector 59,5.9,11028.0,5350.0,Super Built up area 5350(497.03 sq.m.),4,4,3+,19.0,East,New Property,5350.0,,,0,0,0,0,0,2,160
house,international city by sobha phase 1,sector 109,5.7,10556.0,5403.48,Plot area 600(501.68 sq.m.),4,5,3+,3.0,East,Relatively New,,5400.0,,1,1,1,1,0,0,160
house,independent,sector 41,7.25,29293.0,2475.7,Plot area 275(229.94 sq.m.),9,8,3,4.0,South-West,Old Property,,2475.0,,0,1,0,0,0,2,94
flat,pioneer urban presidia,sector 62,6.5,14987.0,4337.1,Super Built up area 4337(402.92 sq.m.),4,4,3+,3.0,West,Moderately old,4337.0,,,0,0,0,0,0,0,86
house,tata primanti,sector 72,8.5,13492.0,6296.88,Plot area 6300(585.29 sq.m.),5,6,3+,10.0,East,Relatively New,,6300.0,,1,1,1,1,0,2,145
house,experion windchants,sector 112,9.5,23457.0,4047.23,Plot area 450(376.26 sq.m.)Built Up area: 7450 sq.yards (6229.15 sq.m.),5,5,3,2.0,,Relatively New,,7450.0,,0,1,0,0,0,0,45
house,vipul tatvam villa,sector 48,5.5,21219.0,2594.1,Plot area 288(240.8 sq.m.),3,6,2,2.0,North,Moderately old,,2592.0,,0,1,0,0,1,2,106
house,independent,sector 41,9.0,27778.0,3239.93,Plot area 360(301.01 sq.m.),8,5,3+,3.0,,Old Property,,3240.0,,0,1,1,1,0,2,26
house,independent,sector 55,7.49,27741.0,2701.74,Plot area 300(250.84 sq.m.),12,12,3+,4.0,South-East,Relatively New,,2700.0,,1,1,0,1,0,2,49
house,independent,sector 28,10.5,32407.0,3239.93,Plot area 360(301.01 sq.m.),5,6,3+,3.0,,New Property,,3240.0,,1,1,0,1,0,2,153
house,independent,sector 43,7.85,29074.0,2701.74,Plot area 300(250.84 sq.m.),9,9,3+,3.0,West,Relatively New,,2700.0,,1,1,0,1,1,1,49
flat,experion windchants,sector 112,5.6,11551.0,4848.1,Super Built up area 4848(450.39 sq.m.)Built Up area: 3655.35 sq.ft. (339.59 sq.m.),4,6,3+,8.0,North-East,Relatively New,4848.0,3655.35,,0,0,0,0,0,2,168
flat,mm golfestate,sector 65,5.5,16959.0,3243.1,Super Built up area 3243(301.28 sq.m.)Built Up area: 2803 sq.ft. (260.41 sq.m.)Carpet area: 2388 sq.ft. (221.85 sq.m.),3,4,3,3.0,North-East,Relatively New,3243.0,2803.0,2388.0,0,0,0,0,0,0,49
house,anamika enclave,sector 12,6.0,14492.0,4144.1,Plot area 4140(384.62 sq.m.)Built Up area: 9000 sq.ft. (836.13 sq.m.),9,9,3+,3.0,North-West,Old Property,,9000.0,,0,0,0,0,0,0,9
house,independent,sector 57,7.25,26852.0,2701.74,Plot area 300(250.84 sq.m.),9,9,3+,2.0,North-East,New Property,,2700.0,,0,1,0,1,1,2,49
house,unitech uniworld resorts,sector 33,9.5,23333.0,4499.31,Plot area 500(418.06 sq.m.),5,7,3+,2.0,East,Undefined,,4500.0,,1,1,1,1,0,0,57
house,independent,sector 50,10.55,32562.0,3239.93,Plot area 360(301.01 sq.m.),5,5,3,2.0,,Moderately old,,3240.0,,1,1,0,0,0,0,42
house,vatika india next,sector 82,6.5,20062.0,3239.93,Built Up area: 360 (301.01 sq.m.)Carpet area: 300 sq.yards (250.84 sq.m.),4,3,0,2.0,,Undefined,,360.0,300.0,0,0,0,0,0,0,0
house,international city by sobha phase 2,sector 109,7.0,11240.0,6232.3,Plot area 692(578.6 sq.m.),5,5,3+,2.0,South,Relatively New,,6228.0,,0,1,0,0,0,0,129
house,suncity essel towers,sector 28,6.0,22222.0,2701.74,Plot area 300(250.84 sq.m.),4,4,3+,3.0,East,Old Property,,2700.0,,1,0,0,0,0,2,89
house,dlf city plots phase 2,sector 25,6.5,36111.0,1797.57,Plot area 200(167.23 sq.m.),5,5,3+,3.0,East,Old Property,,1800.0,,1,1,1,1,0,2,134
flat,dlf the arbour,sector 63,7.9,20000.0,3950.0,Built Up area: 3950 (366.97 sq.m.)Carpet area: 2900 sq.ft. (269.42 sq.m.),4,4,3+,34.0,,Undefined,,3950.0,2900.0,0,0,0,0,0,0,61
flat,vipul belmonte,sector 53,6.0,24489.0,2450.1,Super Built up area 2450(227.61 sq.m.),3,4,3+,6.0,North-West,Moderately old,2450.0,,,0,0,0,0,0,2,26
